Time, Force Sensor 1,Force Sensor 2,Force Sensor 3,Force Sensor 4,N-mode attribute,Anomaly?,Anomaly Mode,Attribute,Desired Speed,D-mode attribute,Shaft Control Effort,Actual Speed,ToolHeadNo,Merged Attribute,Force Sensor Number,Anomaly Mode Encode,V-mode attribute,Orient. x,Orient. y,Orient. z,AngVel x,AngVel y,AngVel z,LinAcc. x,LinAcc. y,LinAcc. z,Mag. x ,Mag. y,Mag. z, Quat. w, Quat. x, Quat. y, Quat. z,Temp,Audio,Strain Gage,MCU Time,Sample Freq,Rel Time,N-mode?,V-mode?,D-mode?,Binary Macro Health Mode,Multi-class Sublevel Mode,Multi-class Sublevel Mode Enc
13634,0.0,0.0,-0.0,0.0,-0.0,,,,300.0,15,28.41,315.47,0,,Force Sensor 3,0,0,0.13,-19.37,-179.19,6.06,-1982.88,3.81,-2.21,0.03,-19.43,-62.38,66.25,49.75,-0.17,-0.0,-0.99,-0.01,26,-201785344,-747.26,3835447,,3,False,False,False,H,H,0
13647,0.0,0.0,-0.0,0.0,-0.0,,,,300.0,15,28.18,310.88,0,,Force Sensor 3,0,0,359.87,-51.25,-1.31,4.5,-1815.75,2.87,2.53,-0.01,-15.76,52.06,53.88,45.0,-0.9,-0.01,-0.43,-0.0,26,-211648512,-190.31,3835503,76.92307692307692,16,False,False,False,H,H,0
13662,0.0,0.0,-0.0,0.0,-0.0,,,,300.0,15,28.4,313.39,0,,Force Sensor 3,0,0,0.0,-33.88,-1.06,4.87,-1805.25,3.06,1.91,0.12,-15.92,52.06,53.88,45.0,-0.96,-0.01,-0.29,0.0,26,-215678976,-258.21,3835514,62.5,31,False,False,False,H,H,0
13680,0.0,0.0,-0.0,0.0,-0.0,,,,300.0,15,28.37,306.28,0,,Force Sensor 3,0,0,0.13,-16.62,-1.0,4.94,-1798.44,3.06,1.24,-0.11,-17.02,52.19,59.38,-56.25,-0.99,-0.01,-0.14,0.0,26,-217448448,-399.93,3835527,71.42857142857143,49,False,False,False,H,H,0
13692,0.0,-0.82,-0.0,0.0,-0.0,,,,300.0,15,28.62,300.85,0,,Force Sensor 3,0,0,0.25,0.69,-1.0,5.62,-1818.75,2.56,3.47,0.11,-18.97,52.19,59.38,-56.25,-0.99,-0.01,0.16,0.0,26,-220790784,-563.91,3835541,66.66666666666667,61,False,False,False,H,H,0
13707,0.0,0.0,-0.0,0.0,-0.0,,,,300.0,15,28.89,300.85,0,,Force Sensor 3,0,0,0.5,35.75,-1.31,5.06,-1831.44,3.31,2.0,0.05,-19.05,52.19,59.38,-56.25,-0.95,-0.01,0.31,0.0,26,-219217920,-759.8,3835554,58.82352941176471,76,False,False,False,H,H,0
13724,0.0,0.0,-0.0,0.0,-0.0,,,,300.0,15,29.25,288.9,0,,Force Sensor 3,0,0,0.69,53.19,-1.81,5.12,-1815.69,2.75,1.88,-0.03,-20.24,52.19,59.38,-56.25,-0.89,-0.01,0.45,0.01,26,-217776128,-912.77,3835566,62.5,93,False,False,False,H,H,0
13740,0.0,0.0,-0.0,0.0,-0.0,,,,300.0,15,29.49,293.83,0,,Force Sensor 3,0,0,0.88,70.37,-3.31,5.56,-1795.0,2.44,0.05,-0.1,-19.88,-47.75,69.19,-46.25,-0.72,-0.01,0.69,0.01,26,-220430336,-1016.96,3835579,62.5,109,False,False,False,H,H,0
13752,0.0,0.0,-0.0,0.0,-0.0,,,,300.0,15,29.25,293.73,0,,Force Sensor 3,0,0,1.31,74.25,-176.12,5.12,-1852.63,3.56,-1.25,-0.04,-20.62,-47.75,69.19,-46.25,-0.6,-0.01,0.8,0.01,26,-216465408,-1092.49,3835594,90.9090909090909,121,False,False,False,H,H,0
13768,0.0,0.0,-0.0,0.0,-0.0,,,,300.0,15,29.26,298.45,0,,Force Sensor 3,0,0,1.75,56.19,-178.19,5.87,-1885.13,3.44,-1.67,0.12,-21.46,-47.75,69.19,-46.25,-0.32,-0.0,0.95,0.01,26,-219971584,-1055.0,3835606,55.55555555555557,137,False,False,False,H,H,0
13785,0.0,0.0,-0.0,0.0,-0.0,,,,300.0,15,28.89,308.48,0,,Force Sensor 3,0,0,1.5,67.5,-177.25,4.94,-1814.25,3.25,-0.37,-0.12,-19.84,-55.0,69.69,-38.5,0.56,0.01,-0.83,-0.01,26,-210468864,-1090.41,3835793,66.66666666666667,154,False,False,False,H,H,0
13802,0.0,0.0,-0.0,0.0,-0.0,,,,300.0,15,28.52,306.18,0,,Force Sensor 3,0,0,2.0,50.25,-178.44,5.75,-1795.5,3.37,0.26,0.1,-17.88,-55.0,69.69,-38.5,0.29,0.0,-0.96,-0.01,26,-214106112,-1061.14,3835805,58.82352941176471,171,False,False,False,H,H,0
13814,0.0,0.0,-0.0,0.0,-0.0,,,,300.0,15,28.63,308.69,0,,Force Sensor 3,0,0,359.62,33.13,-178.87,5.06,-1780.75,3.94,-1.79,-0.09,-18.86,-55.0,69.69,-38.5,0.14,0.0,-0.99,-0.01,26,-210894848,-982.9,3835818,83.33333333333333,183,False,False,False,H,H,0
13831,0.0,0.0,-0.0,0.0,-0.0,,,,300.0,15,28.62,313.49,0,,Force Sensor 3,0,0,359.81,15.94,-179.06,4.75,-1794.5,3.94,-4.39,-0.02,-17.56,-51.88,65.0,58.56,-0.01,0.0,-1.0,-0.01,26,-208764928,-852.7,3835827,58.82352941176471,200,False,False,False,H,H,0
13846,0.0,-3.33,-0.0,0.0,-0.0,,,,300.0,15,28.25,310.99,0,,Force Sensor 3,0,0,359.94,-1.25,-179.19,5.31,-1814.94,3.87,-3.23,-0.37,-16.27,-51.88,65.0,58.56,-0.16,-0.0,-0.99,-0.01,26,-206405632,-665.59,3835840,83.33333333333333,215,False,False,False,H,H,0
13858,0.0,0.0,-0.0,0.0,-0.0,,,,300.0,15,28.37,318.19,0,,Force Sensor 3,0,0,0.31,-36.31,-179.06,5.12,-1836.88,4.12,-2.08,0.31,-16.27,-51.88,65.0,58.56,-0.31,-0.0,-0.95,-0.01,26,-218103808,-487.73,3835853,62.5,227,False,False,False,H,H,0
13874,0.0,0.0,-0.0,0.0,-0.0,,,,300.0,15,28.0,318.51,0,,Force Sensor 3,0,0,358.69,-54.13,-178.75,4.81,-1855.38,4.12,-2.15,-0.53,-16.91,-51.88,65.0,58.56,-0.59,-0.01,-0.81,-0.0,26,-211222528,-334.47,3835866,55.55555555555557,243,False,False,False,H,H,0
13892,0.0,0.0,-0.0,0.0,-0.0,,,,300.0,15,27.83,313.18,0,,Force Sensor 3,0,0,359.12,-72.25,-177.56,4.81,-1884.81,3.5,1.4,0.29,-17.32,55.38,54.38,42.38,-0.71,-0.01,-0.7,-0.0,26,-214335488,-215.31,3835878,83.33333333333333,261,False,False,False,H,H,0
13903,0.0,0.0,-0.0,0.0,-0.0,,,,300.0,15,28.22,318.19,0,,Force Sensor 3,0,0,359.44,-89.12,-0.75,4.62,-1889.13,3.69,2.08,-0.13,-16.22,55.38,54.38,42.38,-0.81,-0.01,-0.58,-0.0,26,-215973888,-177.74,3835891,66.66666666666667,272,False,False,False,H,H,0
13920,0.0,0.0,-0.0,0.0,-0.0,,,,300.0,15,27.96,308.48,0,,Force Sensor 3,0,0,359.81,-53.44,-1.44,4.75,-1881.56,3.12,1.55,-0.11,-17.48,55.38,54.38,42.38,-0.89,-0.01,-0.45,-0.0,26,-212402176,-203.39,3835907,58.82352941176471,289,False,False,False,H,H,0
13936,0.0,0.0,-0.0,0.0,-0.0,,,,300.0,15,28.31,305.87,0,,Force Sensor 3,0,0,0.0,-35.25,-1.06,4.62,-1892.88,3.25,3.75,0.0,-17.74,55.38,54.38,42.38,-0.99,-0.01,-0.15,0.0,26,-222035968,-305.46,3835917,62.5,305,False,False,False,H,H,0
13951,0.0,0.0,-0.0,0.0,-0.0,,,,300.0,15,28.57,303.36,0,,Force Sensor 3,0,0,0.13,-17.0,-1.0,5.25,-1903.31,3.31,3.51,-0.08,-19.74,50.38,60.56,-55.06,-1.0,-0.01,0.01,0.0,26,-217055232,-470.93,3835930,58.82352941176471,320,False,False,False,H,H,0
13966,0.0,0.0,-0.0,0.0,-0.0,,,,300.0,15,28.69,305.76,0,,Force Sensor 3,0,0,0.44,20.06,-1.12,5.69,-1947.88,2.75,2.75,-0.1,-21.66,50.38,60.56,-55.06,-0.98,-0.01,0.17,0.0,26,-211877888,-656.53,3835943,83.33333333333333,335,False,False,False,H,H,0
13982,0.0,0.0,-0.0,0.0,-0.0,,,,300.0,15,28.57,298.65,0,,Force Sensor 3,0,0,0.56,38.88,-1.37,5.5,-1962.56,3.56,3.15,-0.02,-23.38,50.38,60.56,-55.06,-0.88,-0.01,0.48,0.01,26,-213876736,-861.6,3835958,62.5,351,False,False,False,H,H,0
13995,0.0,-5.93,-0.0,0.0,-0.0,,,,300.0,15,28.93,296.24,0,,Force Sensor 3,0,0,0.75,57.63,-2.06,5.56,-1953.38,3.0,0.64,-0.08,-22.2,-52.06,69.25,-41.19,-0.79,-0.01,0.62,0.01,26,-219873280,-989.97,3835969,71.42857142857143,364,False,False,False,H,H,0
14011,0.0,0.0,-0.0,0.0,-0.0,,,,300.0,15,29.43,290.82,0,,Force Sensor 3,0,0,0.94,76.19,-4.62,6.12,-1930.38,4.06,-0.91,-0.07,-23.98,-52.06,69.25,-41.19,-0.68,-0.01,0.74,0.01,26,-216727552,-1075.57,3835982,62.5,380,False,False,False,H,H,0
14026,0.0,0.0,-0.0,0.0,-0.0,,,,300.0,15,29.33,286.2,0,,Force Sensor 3,0,0,1.5,66.69,-177.37,5.31,-1925.31,3.69,0.17,-0.1,-22.82,-52.06,69.25,-41.19,-0.55,-0.01,0.84,0.01,26,-214237184,-1081.12,3835995,66.66666666666667,395,False,False,False,H,H,0
14040,0.0,0.0,-0.0,0.0,-0.0,,,,300.0,15,29.57,288.71,0,,Force Sensor 3,0,0,2.06,48.38,-178.5,5.87,-1911.5,3.5,-0.8,0.02,-20.34,-52.06,69.25,-41.19,-0.26,-0.0,0.97,0.01,26,-210599936,-993.96,3836011,71.42857142857143,409,False,False,False,H,H,0
14056,0.0,0.0,-0.0,0.0,-0.0,,,,300.0,15,29.2,308.58,0,,Force Sensor 3,0,0,359.81,12.25,-179.12,4.94,-1875.88,4.31,-3.52,-0.42,-19.1,-50.75,65.0,60.56,-0.11,-0.0,0.99,0.01,26,-214761472,-877.52,3836021,62.5,425,False,False,False,H,H,0
14073,0.0,0.0,-0.0,0.0,-0.0,,,,300.0,15,28.45,311.3,0,,Force Sensor 3,0,0,0.0,-5.62,-179.19,5.44,-1872.5,3.56,-0.7,0.25,-17.74,-50.75,65.0,60.56,0.05,0.0,1.0,0.01,26,-218759168,-696.17,3836034,76.92307692307692,442,False,False,False,H,H,0
14084,0.0,0.0,-0.0,0.0,-0.0,,,,300.0,15,28.31,313.6,0,,Force Sensor 3,0,0,0.19,-23.56,-179.12,5.12,-1864.44,4.06,-1.67,-0.42,-17.03,-50.75,65.0,60.56,0.35,0.0,0.94,0.01,26,-211320832,-506.02,3836047,66.66666666666667,453,False,False,False,H,H,0
14101,0.0,0.0,-0.0,0.0,-0.0,,,,300.0,15,28.19,313.49,0,,Force Sensor 3,0,0,0.37,-41.38,-179.0,4.44,-1828.25,3.62,0.39,0.06,-14.42,-50.75,65.0,60.56,0.49,0.0,0.87,0.0,26,-212631552,-357.15,3836062,58.82352941176471,470,False,False,False,H,H,0
14118,0.0,0.0,-0.0,0.0,-0.0,,,,300.0,15,28.07,315.79,0,,Force Sensor 3,0,0,359.25,-76.31,-176.81,4.75,-1812.63,3.31,1.43,-0.22,-13.63,61.56,53.69,35.38,0.62,0.01,0.79,0.0,26,-213254144,-230.31,3836073,66.66666666666667,487,False,False,False,H,H,0
14133,0.0,0.0,-0.0,0.0,-0.0,,,,300.0,15,28.06,321.24,0,,Force Sensor 3,0,0,359.5,-86.44,-0.75,4.56,-1780.75,3.56,1.15,-0.1,-14.42,61.56,53.69,35.38,0.82,0.01,0.57,0.0,26,-209584128,-187.39,3836086,71.42857142857143,502,False,False,False,H,H,0
14145,0.0,-3.28,-0.0,0.0,-0.0,,,,300.0,15,27.77,318.4,0,,Force Sensor 3,0,0,359.69,-69.5,-2.31,4.0,-1768.19,3.31,2.34,0.0,-14.46,61.56,53.69,35.38,0.9,0.01,0.44,0.0,26,-220725248,-190.53,3836099,62.5,514,False,False,False,H,H,0
14161,0.0,0.0,-0.0,0.0,-0.0,,,,300.0,15,27.91,323.64,0,,Force Sensor 3,0,0,0.0,-35.81,-1.12,4.62,-1754.94,3.25,1.6,0.17,-15.04,61.56,53.69,35.38,0.95,0.01,0.31,-0.0,26,-221544448,-262.03,3836114,66.66666666666667,530,False,False,False,H,H,0
14175,0.0,0.0,-0.0,0.0,-0.0,,,,300.0,15,27.78,321.02,0,,Force Sensor 3,0,0,0.13,-18.81,-1.0,4.69,-1773.38,3.06,3.9,0.05,-17.63,45.88,61.25,-58.56,0.99,0.01,0.16,-0.0,26,-221970432,-402.61,3836125,66.66666666666667,544,False,False,False,H,H,0
14190,0.0,0.0,-0.0,0.0,-0.0,,,,300.0,15,27.74,311.09,0,,Force Sensor 3,0,0,0.25,-1.31,-1.0,4.94,-1821.06,2.62,1.3,-0.01,-19.45,45.88,61.25,-58.56,0.99,0.01,-0.15,-0.0,26,-212729856,-567.6,3836138,71.42857142857143,559,False,False,False,H,H,0
14206,0.0,0.0,-0.0,0.0,-0.0,,,,300.0,15,28.23,306.07,0,,Force Sensor 3,0,0,0.37,16.62,-1.06,5.19,-1916.06,3.5,4.34,-0.08,-23.52,45.88,61.25,-58.56,0.95,0.01,-0.3,-0.0,26,-222953472,-777.34,3836151,58.82352941176471,575,False,False,False,H,H,0
14220,0.0,0.0,-0.0,0.0,-0.0,,,,300.0,15,28.48,296.04,0,,Force Sensor 3,0,0,0.69,53.5,-1.87,5.37,-1923.94,2.69,2.44,0.07,-23.0,45.88,61.25,-58.56,0.89,0.01,-0.45,-0.01,26,-218693632,-932.78,3836164,83.33333333333333,589,False,False,False,H,H,0
14235,0.0,-11.65,-0.0,0.0,-0.0,,,,300.0,15,28.96,293.53,0,,Force Sensor 3,0,0,0.88,71.81,-3.56,6.0,-1914.25,3.5,-0.11,-0.13,-22.48,-51.38,68.56,-42.0,0.81,0.01,-0.59,-0.01,26,-216104960,-1042.54,3836177,58.82352941176471,604,False,False,False,H,H,0
14253,0.0,0.0,-0.0,0.0,-0.0,,,,300.0,15,29.12,293.43,0,,Force Sensor 3,0,0,1.06,88.81,-178.87,5.62,-1930.06,3.81,-1.42,-0.08,-23.88,-51.38,68.56,-42.0,0.58,0.01,-0.81,-0.01,26,-213090304,-1097.31,3836190,58.82352941176471,622,False,False,False,H,H,0
14269,0.0,0.0,-0.0,0.0,-0.0,,,,300.0,15,28.75,296.04,0,,Force Sensor 3,0,0,1.87,52.44,-178.37,5.94,-1944.06,3.62,-2.54,0.01,-22.34,-51.38,68.56,-42.0,0.44,0.0,-0.9,-0.01,26,-216694784,-1042.26,3836207,66.66666666666667,638,False,False,False,H,H,0
14286,0.0,0.0,-0.0,0.0,-0.0,,,,300.0,15,28.99,296.24,0,,Force Sensor 3,0,0,359.25,-79.0,-176.06,4.81,-1927.31,3.62,2.2,-0.33,-14.85,61.56,53.69,33.75,-0.75,-0.01,-0.66,-0.0,26,-214827008,-248.34,3836276,62.5,655,False,False,False,H,H,0
14297,0.0,-11.83,-0.0,0.0,-0.0,,,,300.0,15,28.99,291.32,0,,Force Sensor 3,0,0,359.56,-82.87,-6.25,4.81,-1878.81,3.81,2.29,0.16,-14.82,61.56,53.69,33.75,-0.84,-0.01,-0.54,-0.0,26,-212860928,-179.27,3836288,83.33333333333333,666,False,False,False,H,H,0
14314,0.0,0.0,-0.01,0.0,-0.01,,,,300.0,15,29.24,293.93,0,,Force Sensor 3,0,0,359.75,-65.31,-1.94,4.69,-1807.94,2.56,4.66,0.0,-14.5,61.56,53.69,33.75,-0.91,-0.01,-0.41,-0.0,26,-211189760,-194.53,3836300,58.82352941176471,683,False,False,False,H,H,0
14330,0.0,0.0,-0.0,0.0,-0.0,,,,300.0,15,29.01,311.2,0,,Force Sensor 3,0,0,0.06,-30.62,-1.06,5.0,-1800.19,3.0,3.36,0.02,-15.79,61.56,53.69,33.75,-0.96,-0.01,-0.26,0.0,26,-217776128,-247.11,3836314,58.82352941176471,699,False,False,False,H,H,0
14346,0.0,0.0,-0.01,0.0,-0.01,,,,300.0,15,28.24,311.09,0,,Force Sensor 3,0,0,0.19,-13.38,-1.0,4.56,-1800.5,3.44,3.46,-0.08,-17.65,39.25,62.06,-62.5,-0.99,-0.01,-0.12,0.0,26,-217055232,-389.38,3836324,62.5,715,False,False,False,H,H,0
14359,0.0,0.0,-0.01,0.0,-0.01,,,,300.0,15,28.24,318.29,0,,Force Sensor 3,0,0,0.31,3.87,-1.0,5.0,-1802.81,2.44,5.05,-0.02,-19.21,39.25,62.06,-62.5,-0.98,-0.01,0.19,0.0,26,-215908352,-551.75,3836335,83.33333333333333,728,False,False,False,H,H,0
14375,0.0,0.0,-0.0,0.0,-0.0,,,,300.0,15,27.87,320.8,0,,Force Sensor 3,0,0,0.44,21.44,-1.12,5.19,-1826.31,3.31,2.95,0.15,-19.56,39.25,62.06,-62.5,-0.94,-0.01,0.33,0.0,26,-220987392,-740.55,3836348,58.82352941176471,744,False,False,False,H,H,0
14392,0.0,0.0,-0.0,0.0,-0.0,,,,300.0,15,27.71,315.79,0,,Force Sensor 3,0,0,0.56,38.94,-1.37,5.0,-1817.0,2.69,3.46,-0.02,-21.14,39.25,62.06,-62.5,-0.88,-0.01,0.47,0.01,26,-220069888,-907.17,3836363,62.5,761,False,False,False,H,H,0
14408,0.0,0.0,-0.0,0.0,-0.0,,,,300.0,15,27.97,313.07,0,,Force Sensor 3,0,0,0.88,73.62,-3.87,6.0,-1796.19,3.56,-0.01,0.06,-20.8,-57.25,69.75,-35.19,-0.8,-0.01,0.6,0.01,26,-215973888,-1010.12,3836372,71.42857142857143,777,False,False,False,H,H,0
14420,0.0,0.0,-0.0,0.0,-0.0,,,,300.0,15,28.1,308.58,0,,Force Sensor 3,0,0,1.06,88.62,-178.87,5.12,-1781.31,3.69,-1.53,0.01,-20.63,-57.25,69.75,-35.19,-0.7,-0.01,0.71,0.01,26,-217972736,-1090.99,3836385,58.82352941176471,789,False,False,False,H,H,0
14437,0.0,0.0,-0.0,0.0,-0.0,,,,300.0,15,28.19,310.99,0,,Force Sensor 3,0,0,1.37,71.94,-176.62,5.5,-1786.69,3.06,-1.81,-0.21,-20.34,-57.25,69.75,-35.19,-0.46,-0.0,0.89,0.01,26,-217841664,-1059.73,3836398,66.66666666666667,806,False,False,False,H,H,0
14452,0.0,-5.92,-0.01,0.0,-0.01,,,,300.0,15,28.19,316.22,0,,Force Sensor 3,0,0,1.81,54.44,-178.31,5.06,-1870.88,4.06,-3.26,-0.08,-21.54,-57.25,69.75,-35.19,-0.31,-0.0,0.95,0.01,26,-216039424,-989.04,3836413,62.5,821,False,False,False,H,H,0
14466,0.0,0.0,-0.0,0.0,-0.0,,,,300.0,15,27.92,317.97,0,,Force Sensor 3,0,0,359.75,18.12,-179.06,5.25,-1914.06,3.75,-4.84,0.0,-20.36,-52.19,64.69,59.69,-0.16,-0.0,0.99,0.01,26,-212729856,-846.78,3836424,83.33333333333333,835,False,False,False,H,H,0
14482,0.0,0.0,-0.01,0.0,-0.01,,,,300.0,15,27.91,308.9,0,,Force Sensor 3,0,0,359.94,-0.44,-179.19,5.81,-1943.38,3.87,-4.36,-0.01,-18.88,-52.19,64.69,59.69,0.17,0.0,0.99,0.01,26,-209911808,-649.27,3836437,58.82352941176471,851,False,False,False,H,H,0
14497,0.0,0.0,-0.0,0.0,-0.0,,,,300.0,15,28.26,303.57,0,,Force Sensor 3,0,0,0.13,-19.25,-179.19,5.37,-1961.94,4.31,-1.56,0.29,-17.58,-52.19,64.69,59.69,0.33,0.0,0.95,0.01,26,-212172800,-461.72,3836451,66.66666666666667,866,False,False,False,H,H,0
14513,0.0,0.0,-0.0,0.0,-0.0,,,,300.0,15,28.53,300.85,0,,Force Sensor 3,0,0,358.75,-56.81,-178.62,5.0,-1952.75,4.06,-0.63,-0.39,-18.14,-52.19,64.69,59.69,0.48,0.0,0.88,0.0,26,-206929920,-305.98,3836465,71.42857142857143,882,False,False,False,H,H,0
14526,0.0,-0.09,-0.01,0.0,-0.01,,,,300.0,15,28.66,296.14,0,,Force Sensor 3,0,0,359.19,-75.5,-177.0,4.62,-1947.06,3.81,1.16,-0.36,-15.01,61.56,53.69,35.38,0.61,0.01,0.79,0.0,26,-216399872,-200.35,3836476,62.5,895,False,False,False,H,H,0
14543,0.0,0.0,-0.01,0.0,-0.01,,,,300.0,15,28.8,296.24,0,,Force Sensor 3,0,0,359.5,-85.87,-0.75,4.94,-1928.06,3.75,1.77,-0.18,-16.5,61.56,53.69,35.38,0.83,0.01,0.56,0.0,26,-214106112,-181.7,3836489,66.66666666666667,912,False,False,False,H,H,0
14560,0.0,0.0,-0.0,0.0,-0.0,,,,300.0,15,28.9,296.14,0,,Force Sensor 3,0,0,359.87,-49.5,-1.31,4.87,-1891.88,3.0,3.12,-0.14,-18.16,61.56,53.69,35.38,0.96,0.01,0.27,-0.0,26,-221184000,-224.04,3836508,71.42857142857143,929,False,False,False,H,H,0
14571,0.0,0.0,-0.01,0.0,-0.01,,,,300.0,15,28.91,291.42,0,,Force Sensor 3,0,0,0.19,-13.0,-1.0,5.0,-1909.31,3.56,4.09,0.03,-19.72,40.75,61.75,-62.5,0.99,0.01,0.11,-0.0,26,-221839360,-339.71,3836521,62.5,940,False,False,False,H,H,0
14588,0.0,0.0,-0.01,0.0,-0.01,,,,300.0,15,29.15,298.75,0,,Force Sensor 3,0,0,0.19,-13.0,-1.0,5.69,-1932.19,2.56,1.85,-0.04,-21.37,40.75,61.75,-62.5,1.0,0.01,-0.05,-0.0,26,-219807744,-517.89,3836531,66.66666666666667,957,False,False,False,H,H,0
14601,0.0,0.0,-0.01,0.0,-0.01,,,,300.0,15,28.78,293.73,0,,Force Sensor 3,0,0,0.44,24.25,-1.12,5.25,-1959.44,3.5,4.38,-0.04,-22.76,40.75,61.75,-62.5,0.98,0.01,-0.21,-0.0,26,-220561408,-706.12,3836543,76.92307692307692,970,False,False,False,H,H,0
14617,0.0,0.0,-0.0,0.0,-0.0,,,,300.0,15,28.65,300.65,0,,Force Sensor 3,0,0,0.56,42.81,-1.44,5.69,-1939.63,3.5,3.72,-0.01,-23.23,40.75,61.75,-62.5,0.86,0.01,-0.51,-0.01,26,-218103808,-901.71,3836559,58.82352941176471,986,False,False,False,H,H,0
14633,0.0,0.0,-0.0,0.0,-0.0,,,,300.0,15,28.69,303.36,0,,Force Sensor 3,0,0,0.75,61.19,-2.25,6.19,-1883.06,3.69,0.54,0.2,-22.96,-60.5,69.75,-29.56,0.77,0.01,-0.64,-0.01,26,-214925312,-1008.14,3836569,62.5,1002,False,False,False,H,H,0
14650,0.0,0.0,-0.01,0.0,-0.01,,,,300.0,15,28.29,313.81,0,,Force Sensor 3,0,0,0.94,79.19,-5.87,6.19,-1883.06,3.69,-0.94,-0.27,-22.51,-60.5,69.75,-29.56,0.66,0.01,-0.75,-0.01,26,-215482368,-1086.47,3836580,66.66666666666667,1019,False,False,False,H,H,0
14662,0.0,0.0,-0.0,0.0,-0.0,,,,300.0,15,28.02,315.68,0,,Force Sensor 3,0,0,1.5,65.25,-177.56,5.44,-1835.31,3.25,-1.05,0.04,-20.95,-60.5,69.75,-29.56,0.54,0.01,-0.84,-0.01,26,-214138880,-1068.93,3836593,76.92307692307692,1031,False,False,False,H,H,0
14679,0.0,0.0,-0.01,0.0,-0.01,,,,300.0,15,27.91,321.13,0,,Force Sensor 3,0,0,2.06,47.69,-178.56,5.81,-1826.0,3.81,-1.77,-0.01,-19.23,-60.5,69.75,-29.56,0.4,0.0,-0.91,-0.01,26,-212729856,-990.37,3836608,58.82352941176471,1048,False,False,False,H,H,0
14694,0.0,0.0,-0.0,0.0,-0.0,,,,300.0,15,27.63,318.19,0,,Force Sensor 3,0,0,359.69,30.12,-178.94,5.0,-1828.75,4.12,-4.25,0.09,-18.86,-41.25,63.56,65.5,0.11,0.0,-0.99,-0.01,26,-218529792,-865.25,3836619,76.92307692307692,1063,False,False,False,H,H,0
14706,0.0,0.0,-0.0,0.0,-0.0,,,,300.0,15,27.77,318.19,0,,Force Sensor 3,0,0,359.81,12.69,-179.12,4.81,-1815.94,3.56,-1.17,0.13,-16.38,-41.25,63.56,65.5,-0.04,-0.0,-1.0,-0.01,26,-213057536,-683.75,3836632,58.82352941176471,1075,False,False,False,H,H,0
14723,0.0,0.0,-0.01,0.0,-0.01,,,,300.0,15,27.99,316.0,0,,Force Sensor 3,0,0,0.13,-22.06,-179.19,5.0,-1804.5,4.06,-1.87,0.34,-14.12,-41.25,63.56,65.5,-0.19,-0.0,-0.98,-0.01,26,-214466560,-506.75,3836645,66.66666666666667,1092,False,False,False,H,H,0
14740,0.0,0.0,-0.01,0.0,-0.01,,,,300.0,15,27.85,313.71,0,,Force Sensor 3,0,0,0.31,-39.25,-179.06,4.62,-1794.06,4.0,-3.64,-0.61,-13.62,-41.25,63.56,65.5,-0.47,-0.0,-0.88,-0.0,26,-208633856,-351.25,3836661,62.5,1109,False,False,False,H,H,0
14756,0.0,0.0,-0.01,0.0,-0.01,,,,300.0,15,27.96,310.67,0,,Force Sensor 3,0,0,359.19,-73.87,-177.31,4.37,-1816.19,3.94,-0.56,-0.06,-14.33,65.56,53.38,29.19,-0.6,-0.01,-0.8,-0.0,26,-212303872,-234.43,3836671,62.5,1125,False,False,False,H,H,0
14772,0.0,0.0,-0.0,0.0,-0.0,,,,300.0,15,28.35,303.67,0,,Force Sensor 3,0,0,359.5,-88.25,-0.75,4.81,-1833.44,3.44,2.49,0.02,-13.46,65.56,53.38,29.19,-0.72,-0.01,-0.7,-0.0,26,-213385216,-184.6,3836684,62.5,1141,False,False,False,H,H,0
14784,0.0,0.0,-0.0,0.0,-0.0,,,,300.0,15,28.45,303.46,0,,Force Sensor 3,0,0,1.12,85.12,-178.87,5.75,-1947.44,3.81,-1.35,-0.22,-25.37,-59.38,70.5,-32.38,-0.55,-0.01,0.84,0.01,26,-209813504,-1060.36,3836786,83.33333333333333,1153,False,False,False,H,H,0
14806,0.0,0.0,-0.0,0.0,-0.0,,,,300.0,15,28.97,290.82,0,,Force Sensor 3,0,0,1.5,66.69,-177.37,5.56,-1934.94,3.5,-3.21,-0.08,-21.82,-59.38,70.5,-32.38,-0.41,-0.0,0.91,0.01,26,-212336640,-1018.82,3836803,55.55555555555557,1175,False,False,False,H,H,0
14818,0.0,0.0,-0.0,0.0,-0.0,,,,300.0,15,29.1,286.29,0,,Force Sensor 3,0,0,359.69,29.62,-178.94,5.25,-1934.94,4.19,-0.42,-0.05,-21.05,-59.38,70.5,-32.38,-0.26,-0.0,0.97,0.01,26,-218660864,-903.43,3836814,90.9090909090909,1187,False,False,False,H,H,0
14829,0.0,0.0,-0.0,0.0,-0.0,,,,300.0,15,29.34,284.46,0,,Force Sensor 3,0,0,359.81,11.31,-179.12,5.25,-1910.31,3.81,-2.67,0.03,-18.81,-41.69,62.88,65.87,-0.1,-0.0,1.0,0.01,26,-202539008,-728.82,3836827,58.82352941176471,1198,False,False,False,H,H,0
14844,0.0,0.0,-0.0,0.0,-0.0,,,,300.0,15,29.44,286.29,0,,Force Sensor 3,0,0,0.0,-6.81,-179.19,5.19,-1876.44,4.19,-1.8,-0.11,-16.09,-41.69,62.88,65.87,0.22,0.0,0.98,0.01,26,-210599936,-538.74,3836844,62.5,1213,False,False,False,H,H,0
14858,0.0,0.0,-0.0,0.0,-0.0,,,,300.0,15,29.35,294.23,0,,Force Sensor 3,0,0,0.37,-42.69,-179.0,4.56,-1860.0,4.0,-2.18,-0.33,-13.87,-41.69,62.88,65.87,0.5,0.0,0.86,0.0,26,-208338944,-372.89,3836856,83.33333333333333,1227,False,False,False,H,H,0
14874,0.0,-0.09,-0.0,0.0,-0.0,,,,300.0,15,28.76,310.88,0,,Force Sensor 3,0,0,358.87,-60.5,-178.5,4.75,-1851.38,3.81,1.68,0.13,-13.1,-41.69,62.88,65.87,0.63,0.01,0.78,0.0,26,-215842816,-241.12,3836867,58.82352941176471,1243,False,False,False,H,H,0
14892,0.0,0.0,-0.0,0.0,-0.0,,,,300.0,15,28.12,308.58,0,,Force Sensor 3,0,0,359.25,-78.0,-176.37,4.62,-1823.56,3.44,0.89,-0.29,-13.43,67.75,54.06,24.56,0.74,0.01,0.67,0.0,26,-217513984,-182.65,3836879,71.42857142857143,1261,False,False,False,H,H,0
14904,0.0,0.0,-0.0,0.0,-0.0,,,,300.0,15,28.23,313.07,0,,Force Sensor 3,0,0,359.69,-67.62,-2.12,4.56,-1766.56,2.94,3.26,-0.03,-12.45,67.75,54.06,24.56,0.83,0.01,0.56,0.0,26,-225411072,-183.72,3836895,62.5,1273,False,False,False,H,H,0
14925,0.0,-0.18,-0.0,0.0,-0.0,,,,300.0,15,28.09,308.9,0,,Force Sensor 3,0,0,359.87,-50.81,-1.31,4.56,-1746.56,2.81,4.74,0.1,-13.17,67.75,54.06,24.56,0.96,0.01,0.29,-0.0,26,-214368256,-244.65,3836907,62.5,1294,False,False,False,H,H,0
14936,0.0,0.0,-0.0,0.0,-0.0,,,,300.0,15,28.2,316.0,0,,Force Sensor 3,0,0,0.0,-34.13,-1.06,5.0,-1738.63,2.81,3.48,-0.1,-14.71,67.75,54.06,24.56,0.99,0.01,0.15,-0.0,26,-214892544,-371.08,3836918,62.5,1305,False,False,False,H,H,0
14956,0.0,-0.0,-0.0,0.0,-0.0,,,,300.0,15,27.84,313.81,0,,Force Sensor 3,0,0,0.13,-17.31,-1.0,4.37,-1750.44,3.0,3.44,0.26,-16.64,36.5,61.38,-64.5,1.0,0.01,0.0,-0.0,26,-221970432,-531.68,3836931,62.5,1325,False,False,False,H,H,0
14970,0.0,0.0,-0.0,0.0,-0.0,,,,300.0,15,27.7,316.32,0,,Force Sensor 3,0,0,0.37,17.12,-1.06,4.87,-1829.44,3.44,3.03,0.28,-20.07,36.5,61.38,-64.5,0.95,0.01,-0.3,-0.0,26,-226295808,-722.45,3836946,71.42857142857143,1339,False,False,False,H,H,0
14981,0.0,-0.18,-0.0,0.0,-0.0,,,,300.0,15,27.79,313.49,0,,Force Sensor 3,0,0,0.5,35.06,-1.31,5.62,-1864.19,2.81,2.45,-0.27,-21.6,36.5,61.38,-64.5,0.89,0.01,-0.45,-0.01,26,-220102656,-896.87,3836957,66.66666666666667,1350,False,False,False,H,H,0
15002,0.0,0.0,-0.0,0.0,-0.0,,,,300.0,15,27.93,313.71,0,,Force Sensor 3,0,0,0.69,53.19,-1.81,5.56,-1890.38,3.12,1.22,-0.11,-24.14,-59.06,69.75,-34.38,0.81,0.01,-0.58,-0.01,26,-212238336,-1013.56,3836970,58.82352941176471,1371,False,False,False,H,H,0
15013,0.0,0.0,-0.0,0.0,-0.0,,,,300.0,15,27.91,305.76,0,,Force Sensor 3,0,0,0.88,71.37,-3.44,5.56,-1910.56,3.87,-1.06,-0.04,-23.36,-59.06,69.75,-34.38,0.71,0.01,-0.71,-0.01,26,-220725248,-1088.83,3836983,62.5,1382,False,False,False,H,H,0
15033,0.0,0.0,-0.0,0.0,-0.0,,,,300.0,15,28.79,296.24,0,,Force Sensor 3,0,0,1.37,71.81,-176.62,5.5,-1911.31,3.56,-2.1,0.1,-23.6,-59.06,69.75,-34.38,0.45,0.0,-0.89,-0.01,26,-212926464,-1066.14,3836999,83.33333333333333,1402,False,False,False,H,H,0
15046,0.0,-0.0,-0.0,0.0,-0.0,,,,300.0,15,28.79,290.73,0,,Force Sensor 3,0,0,359.62,35.25,-178.81,5.5,-1909.5,4.12,-2.72,0.03,-21.21,-59.06,69.75,-34.38,0.3,0.0,-0.95,-0.01,26,-218202112,-972.9,3837010,58.82352941176471,1415,False,False,False,H,H,0
15059,0.0,0.0,-0.0,0.0,-0.0,,,,300.0,15,29.07,301.06,0,,Force Sensor 3,0,0,359.62,35.25,-178.81,4.94,-1918.31,4.12,-4.19,-0.05,-20.34,-46.69,63.25,64.25,0.15,0.0,-0.99,-0.01,26,-227311616,-833.6,3837022,83.33333333333333,1428,False,False,False,H,H,0
15070,0.0,22.89,-0.0,0.0,-0.0,M,M,M,300.0,15,28.55,296.44,0,-0.0,Force Sensor 3,1,0,359.94,-1.75,-179.19,5.69,-1945.13,3.5,-4.91,-0.18,-18.05,-46.69,63.25,64.25,-0.02,0.0,-1.0,-0.01,26,-208928768,-630.6,3837035,58.82352941176471,1439,False,False,False,H,H,0
15086,0.0,0.0,-0.0,0.0,-0.0,,,,300.0,15,28.78,298.65,0,,Force Sensor 3,0,0,0.13,-20.37,-179.19,5.62,-1939.06,4.0,-2.41,-0.3,-17.0,-46.69,63.25,64.25,-0.33,-0.0,-0.94,-0.01,26,-211681280,-441.76,3837052,66.66666666666667,1455,False,False,False,H,H,0
15107,0.0,0.0,-0.0,0.0,-0.0,,,,300.0,15,28.91,288.51,0,,Force Sensor 3,0,0,358.75,-57.5,-178.62,4.56,-1933.0,3.81,0.99,0.14,-14.13,-46.69,63.25,64.25,-0.48,-0.0,-0.88,-0.01,26,-216858624,-298.18,3837062,55.55555555555557,1476,False,False,False,H,H,0
15121,0.0,0.0,-0.0,0.0,-0.0,,,,300.0,15,29.19,288.71,0,,Force Sensor 3,0,0,359.19,-75.87,-176.94,4.87,-1919.31,3.5,0.53,-0.37,-14.38,67.0,53.38,28.5,-0.62,-0.01,-0.79,-0.0,26,-212697088,-189.16,3837074,90.9090909090909,1490,False,False,False,H,H,0
15132,0.0,0.0,-0.0,0.0,-0.0,,,,300.0,15,29.18,291.12,0,,Force Sensor 3,0,0,359.5,-85.62,-0.75,4.62,-1914.63,3.81,4.71,0.25,-14.5,67.0,53.38,28.5,-0.83,-0.01,-0.56,-0.0,26,-209551360,-187.51,3837091,58.82352941176471,1501,False,False,False,H,H,0
15154,0.0,0.0,-0.0,0.0,-0.0,,,,300.0,15,28.72,301.26,0,,Force Sensor 3,0,0,359.87,-50.19,-1.31,4.87,-1828.88,2.75,4.86,0.13,-13.93,67.0,53.38,28.5,-0.91,-0.01,-0.42,-0.0,26,-218365952,-225.53,3837104,58.82352941176471,1523,False,False,False,H,H,0
15165,0.0,-0.73,-0.0,0.0,-0.0,,,,300.0,15,28.56,305.87,0,,Force Sensor 3,0,0,0.0,-32.94,-1.06,5.31,-1798.56,3.0,3.83,-0.06,-15.81,67.0,53.38,28.5,-0.96,-0.01,-0.28,0.0,26,-223543296,-335.96,3837113,83.33333333333333,1534,False,False,False,H,H,0
15178,0.0,0.0,-0.0,0.0,-0.0,,,,300.0,15,28.33,306.28,0,,Force Sensor 3,0,0,0.13,-15.63,-1.0,4.56,-1799.13,3.31,4.93,0.02,-17.04,35.0,61.75,-64.87,-0.99,-0.01,-0.14,0.0,26,-224428032,-501.68,3837126,52.631578947368425,1547,False,False,False,H,H,0
15199,0.0,0.0,0.07,0.0,0.07,M,M,M,300.0,15,28.07,306.28,0,0.07,Force Sensor 3,1,0,0.25,1.62,-1.0,5.5,-1803.0,2.25,3.51,0.11,-20.53,35.0,61.75,-64.87,-0.99,-0.01,0.17,0.0,26,-214925312,-675.2,3837142,76.92307692307692,1568,True,False,False,A,N,1
15210,0.0,0.0,0.32,0.0,0.32,M,M,M,300.0,15,28.3,305.66,0,0.32,Force Sensor 3,1,0,0.56,36.69,-1.31,5.25,-1825.5,2.75,3.78,-0.07,-21.62,35.0,61.75,-64.87,-0.95,-0.01,0.32,0.0,26,-222101504,-863.6,3837154,76.92307692307692,1579,True,False,False,A,N,1
15232,0.0,0.0,0.53,0.0,0.53,M,M,M,300.0,15,28.7,293.73,0,0.53,Force Sensor 3,1,0,0.69,54.13,-1.87,5.19,-1818.63,2.62,2.25,-0.09,-22.29,35.0,61.75,-64.87,-0.89,-0.01,0.46,0.01,26,-215416832,-973.44,3837166,50.0,1601,True,False,False,A,N,1
15243,0.0,0.0,0.08,0.0,0.08,M,M,M,300.0,15,28.92,291.42,0,0.08,Force Sensor 3,1,0,0.88,71.44,-3.5,6.0,-1802.81,3.62,1.99,0.03,-21.92,-62.06,69.19,-30.56,-0.81,-0.01,0.58,0.01,26,-215744512,-1074.71,3837179,83.33333333333333,1612,True,False,False,A,N,1
15255,0.0,0.0,0.08,0.0,0.08,M,M,M,300.0,15,29.04,291.42,0,0.08,Force Sensor 3,1,0,1.06,88.25,-1.06,5.44,-1773.75,3.12,-0.51,0.09,-20.43,-62.06,69.19,-30.56,-0.6,-0.01,0.8,0.01,26,-206274560,-1093.19,3837194,66.66666666666667,1624,True,False,False,A,N,1
15271,0.0,0.0,-0.0,0.0,-0.0,,,,300.0,15,29.05,288.9,0,,Force Sensor 3,0,0,1.75,57.31,-178.12,5.5,-1758.44,3.5,-6.06,-0.23,-20.78,-62.06,69.19,-30.56,-0.34,-0.0,0.94,0.01,26,-216432640,-1053.81,3837207,52.631578947368425,1640,False,False,False,H,H,0
15288,0.0,0.0,-0.0,0.0,-0.0,,,,300.0,15,29.18,286.59,0,,Force Sensor 3,0,0,359.37,-85.37,-179.19,4.94,-1863.31,3.87,2.35,-0.02,-13.86,61.56,54.56,33.75,0.78,0.01,0.62,0.0,26,-207650816,-86.35,3837292,90.9090909090909,1657,False,False,False,H,H,0
15304,0.0,0.0,-0.0,0.0,-0.0,,,,300.0,15,29.7,266.75,0,,Force Sensor 3,0,0,359.81,-59.0,-1.62,5.0,-1830.5,3.25,4.98,0.14,-13.41,61.56,54.56,33.75,0.87,0.01,0.49,0.0,26,-216006656,-43.36,3837304,62.5,1673,False,False,False,H,H,0
15317,0.0,0.0,0.23,0.0,0.23,M,M,M,300.0,15,30.32,266.84,0,0.23,Force Sensor 3,1,0,359.94,-41.69,-1.19,5.19,-1806.63,2.81,7.05,-0.16,-14.52,61.56,54.56,33.75,0.98,0.01,0.21,-0.0,26,-211091456,-108.84,3837316,58.82352941176471,1686,True,False,False,A,N,1
15337,0.0,0.0,1.14,0.0,1.14,M,M,M,300.0,15,30.33,258.93,0,1.14,Force Sensor 3,1,0,0.06,-24.44,-1.06,5.25,-1790.5,3.0,5.31,0.03,-16.38,42.69,61.5,-61.25,1.0,0.01,0.07,-0.0,26,-221446144,-257.53,3837326,66.66666666666667,1706,True,False,False,A,N,1
15350,0.0,-0.0,2.22,0.0,2.22,M,M,M,300.0,15,30.5,259.02,0,2.22,Force Sensor 3,1,0,0.25,-7.44,-1.0,5.56,-1771.44,2.56,3.82,0.32,-17.02,42.69,61.5,-61.25,1.0,0.01,-0.08,-0.0,26,-210567168,-499.88,3837337,62.5,1719,True,False,False,A,N,1
15361,0.0,0.0,2.64,0.0,2.64,M,M,M,300.0,15,30.78,261.89,0,2.64,Force Sensor 3,1,0,0.37,9.56,-1.06,5.12,-1779.81,2.5,4.04,0.0,-20.58,42.69,61.5,-61.25,0.97,0.01,-0.23,-0.0,26,-251559936,-803.14,3837350,111.11111111111113,1730,True,False,False,A,N,1
15381,0.0,0.0,3.63,0.0,3.63,M,M,M,300.0,15,30.66,264.5,0,3.63,Force Sensor 3,1,0,0.62,43.56,-1.56,5.0,-1760.44,2.0,4.65,0.1,-19.54,42.69,61.5,-61.25,0.93,0.01,-0.37,-0.01,26,-227573760,-1122.0,3837364,50.0,1750,True,False,False,A,N,1
15394,0.0,0.0,3.83,0.0,3.83,M,M,M,300.0,15,30.55,259.2,0,3.83,Force Sensor 3,1,0,0.81,60.0,-2.31,5.69,-1714.88,2.69,3.12,-0.1,-20.78,-54.69,69.87,-38.19,0.87,0.01,-0.5,-0.01,26,-224198656,-1340.46,3837374,76.92307692307692,1763,True,False,False,A,N,1
15407,0.0,-0.0,3.87,0.0,3.87,M,M,M,300.0,15,30.83,271.87,0,3.87,Force Sensor 3,1,0,1.0,76.12,-4.81,5.12,-1680.31,3.37,1.28,0.12,-19.67,-54.69,69.87,-38.19,0.79,0.01,-0.62,-0.01,26,-218300416,-1451.43,3837387,76.92307692307692,1776,True,False,False,A,N,1
15419,0.0,0.0,3.76,0.0,3.76,M,M,M,300.0,15,30.61,279.04,0,3.76,Force Sensor 3,1,0,1.19,87.75,-178.81,5.31,-1628.25,3.75,-0.35,-0.05,-17.08,-54.69,69.87,-38.19,0.59,0.01,-0.81,-0.01,26,-223182848,-1481.96,3837400,90.9090909090909,1788,True,False,False,A,N,1
15435,0.0,0.0,3.13,0.0,3.13,M,M,M,300.0,15,29.88,274.11,0,3.13,Force Sensor 3,1,0,1.44,72.56,-176.31,4.5,-1582.75,3.5,-4.8,-0.21,-17.35,-54.69,69.87,-38.19,0.48,0.0,-0.88,-0.01,26,-216236032,-1400.56,3837414,45.45454545454545,1804,True,False,False,A,N,1
15451,0.0,0.0,2.89,0.0,2.89,M,M,M,300.0,15,30.14,276.53,0,2.89,Force Sensor 3,1,0,359.56,42.0,-178.62,5.12,-1597.69,2.87,-2.12,0.17,-16.57,-55.5,65.19,52.75,0.36,0.0,-0.93,-0.01,26,-210665472,-1212.03,3837426,66.66666666666667,1820,True,False,False,A,N,1
15472,0.0,-11.67,1.98,0.0,1.98,M,M,M,300.0,15,30.04,278.85,0,1.98,Force Sensor 3,1,0,359.69,26.69,-178.94,4.56,-1590.56,4.06,-7.74,-0.33,-13.65,-55.5,65.19,52.75,0.1,0.0,-1.0,-0.01,26,-212172800,-1009.21,3837439,58.82352941176471,1841,True,False,False,A,N,1
15480,0.0,0.0,1.96,0.0,1.96,M,M,M,300.0,15,29.94,281.65,0,1.96,Force Sensor 3,1,0,359.87,11.13,-179.06,4.0,-1600.63,3.62,-4.76,-0.38,-12.26,-55.5,65.19,52.75,-0.04,-0.0,-1.0,-0.01,26,-214335488,-725.29,3837455,125.0,1849,True,False,False,A,N,1
15498,0.0,0.0,1.26,0.0,1.26,M,M,M,300.0,15,29.81,273.55,0,1.26,Force Sensor 3,1,0,0.19,-19.75,-179.12,4.69,-1616.19,3.62,-2.2,0.4,-11.02,-55.5,65.19,52.75,-0.17,-0.0,-0.99,-0.01,26,-214106112,-379.87,3837465,45.45454545454545,1867,True,False,False,A,N,1
15513,0.0,0.0,0.65,0.0,0.65,M,M,M,300.0,15,30.23,276.91,0,0.65,Force Sensor 3,1,0,0.31,-35.13,-179.0,3.69,-1598.75,3.94,-3.69,-0.39,-10.16,40.0,55.0,56.69,-0.3,-0.0,-0.95,-0.01,26,-218365952,-46.62,3837478,90.9090909090909,1882,True,False,False,A,N,1
15526,0.0,-3.02,0.44,0.0,0.44,M,M,M,300.0,15,30.11,274.2,0,0.44,Force Sensor 3,1,0,358.5,-50.69,-178.75,3.5,-1656.88,3.69,-2.91,-0.23,-9.56,40.0,55.0,56.69,-0.55,-0.01,-0.84,-0.0,26,-207749120,174.86,3837491,76.92307692307692,1895,True,False,False,A,N,1
15545,0.0,0.0,1.1,0.0,1.1,M,M,M,300.0,15,30.23,278.95,0,1.1,Force Sensor 3,1,0,359.31,-82.81,-173.5,4.37,-1684.06,2.12,1.44,-0.12,-10.98,40.0,55.0,56.69,-0.66,-0.01,-0.75,-0.0,26,-209059840,233.73,3837508,47.61904761904761,1914,True,False,False,A,N,1
15558,0.0,0.0,1.1,0.0,1.1,M,M,M,300.0,15,30.0,276.34,0,1.1,Force Sensor 3,1,0,359.56,-80.69,-5.12,3.37,-1700.69,2.5,2.37,-0.02,-9.98,70.0,56.0,-33.06,-0.85,-0.01,-0.53,-0.0,26,-213745664,192.78,3837518,90.9090909090909,1927,True,False,False,A,N,1
15570,0.0,0.0,2.4,0.0,2.4,M,M,M,300.0,15,30.14,282.04,0,2.4,Force Sensor 3,1,0,359.75,-64.5,-2.0,3.62,-1686.38,3.0,5.19,-0.13,-11.94,70.0,56.0,-33.06,-0.91,-0.01,-0.41,-0.0,26,-204996608,125.62,3837530,76.92307692307692,1939,True,False,False,A,N,1
15591,0.0,0.0,2.81,0.0,2.81,M,M,M,300.0,15,30.42,278.76,0,2.81,Force Sensor 3,1,0,0.06,-32.0,-1.12,5.19,-1694.06,3.75,3.2,0.03,-13.8,70.0,56.0,-33.06,-0.96,-0.01,-0.28,0.0,26,-216104960,-78.47,3837543,50.0,1960,True,False,False,A,N,1
15603,0.0,0.0,3.19,0.0,3.19,M,M,M,300.0,15,30.06,276.16,0,3.19,Force Sensor 3,1,0,0.19,-15.56,-1.0,4.44,-1711.06,2.37,5.78,0.28,-16.06,70.0,56.0,-33.06,-1.0,-0.01,0.01,0.0,26,-215547904,-409.26,3837557,83.33333333333333,1972,True,False,False,A,N,1
15616,0.0,0.0,4.11,0.0,4.11,M,M,M,300.0,15,30.2,264.23,0,4.11,Force Sensor 3,1,0,0.31,0.81,-1.06,4.81,-1707.19,2.25,6.81,0.0,-17.24,70.0,56.0,-33.06,-0.99,-0.01,0.15,0.0,26,-232783872,-746.14,3837569,62.5,1985,True,False,False,A,N,1
15633,0.0,0.0,4.11,0.0,4.11,M,M,M,300.0,15,30.45,256.42,0,4.11,Force Sensor 3,1,0,0.44,17.12,-1.12,4.94,-1700.69,3.0,4.15,0.25,-17.32,-14.25,66.37,-65.19,-0.96,-0.01,0.29,0.01,26,-250478592,-1088.72,3837582,58.82352941176471,2002,True,False,False,A,N,1
15649,0.0,0.0,4.08,0.0,4.08,M,M,M,300.0,15,31.24,261.89,0,4.08,Force Sensor 3,1,0,0.69,49.44,-1.75,5.44,-1681.88,3.0,2.3,-0.04,-19.96,-14.25,66.37,-65.19,-0.91,-0.01,0.42,0.01,26,-216301568,-1309.53,3837595,62.5,2018,True,False,False,A,N,1
15662,0.0,-0.19,3.54,0.0,3.54,M,M,M,300.0,15,30.99,254.42,0,3.54,Force Sensor 3,1,0,0.88,65.75,-2.81,5.56,-1698.0,3.25,1.15,-0.17,-20.78,-14.25,66.37,-65.19,-0.75,-0.01,0.66,0.01,26,-216662016,-1442.93,3837610,76.92307692307692,2031,True,False,False,A,N,1
15677,0.0,17.48,3.57,0.0,3.57,M,M,M,300.0,15,31.38,259.55,0,3.57,Force Sensor 3,1,0,1.06,82.06,-8.31,5.62,-1699.0,3.31,-0.31,0.18,-20.38,-73.69,67.75,8.75,-0.65,-0.01,0.76,0.01,26,-220233728,-1492.66,3837621,76.92307692307692,2046,True,False,False,A,N,1
15694,0.0,0.0,3.34,0.0,3.34,M,M,M,300.0,15,31.06,271.23,0,3.34,Force Sensor 3,1,0,1.31,81.37,-172.56,5.19,-1704.25,3.37,-4.06,-0.03,-19.15,-73.69,67.75,8.75,-0.54,-0.01,0.84,0.01,26,-212664320,-1436.72,3837634,50.0,2063,True,False,False,A,N,1
15707,0.0,-0.0,2.64,0.0,2.64,M,M,M,300.0,15,30.6,276.53,0,2.64,Force Sensor 3,1,0,2.12,48.75,-178.44,5.19,-1693.56,3.5,-3.54,-0.24,-18.33,-73.69,67.75,8.75,-0.28,-0.0,0.96,0.01,26,-208175104,-1259.21,3837647,90.9090909090909,2076,True,False,False,A,N,1
15723,0.0,0.0,2.14,0.0,2.14,M,M,M,300.0,15,30.34,276.53,0,2.14,Force Sensor 3,1,0,359.62,32.44,-178.87,5.5,-1696.13,3.62,-2.92,0.53,-15.79,-73.69,67.75,8.75,-0.14,-0.0,0.99,0.01,26,-213712896,-1055.93,3837663,50.0,2092,True,False,False,A,N,1
15738,0.0,0.0,1.77,0.0,1.77,M,M,M,300.0,15,30.35,274.3,0,1.77,Force Sensor 3,1,0,359.94,0.0,-179.12,3.81,-1690.94,3.69,-5.41,-0.49,-13.32,-9.19,60.5,72.56,0.0,0.0,1.0,0.01,26,-212008960,-760.86,3837673,76.92307692307692,2107,True,False,False,A,N,1
15754,0.0,0.0,1.06,0.0,1.06,M,M,M,300.0,15,30.65,266.56,0,1.06,Force Sensor 3,1,0,0.13,-16.12,-179.12,4.87,-1678.25,3.62,-1.83,0.0,-13.12,-9.19,60.5,72.56,0.28,0.0,0.96,0.01,26,-208863232,-393.29,3837686,76.92307692307692,2123,True,False,False,A,N,1
15768,0.0,0.0,1.06,0.0,1.06,M,M,M,300.0,15,30.9,274.02,0,1.06,Force Sensor 3,1,0,0.31,-32.06,-179.06,4.31,-1653.31,4.19,-4.33,-0.43,-9.64,-9.19,60.5,72.56,0.4,0.0,0.91,0.01,26,-214073344,-61.25,3837699,50.0,2137,True,False,False,A,N,1
15784,0.0,0.0,1.0,0.0,1.0,M,M,M,300.0,15,30.54,274.57,0,1.0,Force Sensor 3,1,0,0.0,-40.5,-1.19,4.31,-1587.5,2.75,2.66,-0.25,-12.54,73.19,54.25,6.75,0.94,0.01,0.35,0.0,26,-223051776,227.86,3837761,76.92307692307692,2153,True,False,False,A,N,1
15796,0.0,0.0,2.15,0.0,2.15,M,M,M,300.0,15,30.52,281.37,0,2.15,Force Sensor 3,1,0,0.0,-40.5,-1.19,4.37,-1641.38,2.62,7.16,0.18,-13.38,31.25,62.25,-64.75,0.98,0.01,0.21,-0.0,26,-220266496,3.18,3837770,90.9090909090909,2165,True,False,False,A,N,1
15816,0.0,-0.0,3.28,0.0,3.28,M,M,M,300.0,15,30.06,291.32,0,3.28,Force Sensor 3,1,0,0.13,-24.69,-1.06,5.06,-1665.13,1.87,1.58,0.15,-16.55,31.25,62.25,-64.75,1.0,0.01,0.08,-0.0,26,-224657408,-309.87,3837781,47.61904761904761,2185,True,False,False,A,N,1
15830,0.0,0.0,3.57,0.0,3.57,M,M,M,300.0,15,29.71,293.93,0,3.57,Force Sensor 3,1,0,0.37,7.62,-1.06,4.69,-1705.63,3.5,5.26,0.01,-18.41,31.25,62.25,-64.75,1.0,0.01,-0.07,-0.0,26,-218071040,-657.74,3837798,83.33333333333333,2199,True,False,False,A,N,1
15844,0.0,0.0,3.81,0.0,3.81,M,M,M,300.0,15,29.58,286.2,0,3.81,Force Sensor 3,1,0,0.5,23.87,-1.19,5.06,-1688.75,1.75,3.77,-0.17,-18.91,31.25,62.25,-64.75,0.94,0.01,-0.34,-0.01,26,-221380608,-1048.93,3837809,71.42857142857143,2213,True,False,False,A,N,1
15857,0.0,-11.65,4.03,0.0,4.03,M,M,M,300.0,15,30.23,267.02,0,4.03,Force Sensor 3,1,0,0.62,39.94,-1.5,5.12,-1672.56,2.56,1.88,0.24,-21.39,-56.5,69.56,-37.38,0.88,0.01,-0.47,-0.01,26,-221708288,-1355.8,3837819,66.66666666666667,2226,True,False,False,A,N,1
15873,0.0,0.0,3.46,0.0,3.46,M,M,M,300.0,15,30.96,266.75,0,3.46,Force Sensor 3,1,0,0.75,55.94,-2.06,5.62,-1661.44,2.44,1.88,0.24,-21.39,-56.5,69.56,-37.38,0.81,0.01,-0.59,-0.01,26,-214466560,-1566.62,3837829,58.82352941176471,2242,True,False,False,A,N,1
15894,0.0,0.0,3.31,0.0,3.31,M,M,M,300.0,15,31.5,256.68,0,3.31,Force Sensor 3,1,0,0.94,71.94,-3.75,5.44,-1658.94,3.81,-1.85,-0.05,-20.73,-56.5,69.56,-37.38,0.72,0.01,-0.69,-0.01,26,-215056384,-1638.48,3837845,66.66666666666667,2263,True,False,False,A,N,1
15907,0.0,0.0,2.75,0.0,2.75,M,M,M,300.0,15,31.53,257.03,0,2.75,Force Sensor 3,1,0,1.37,75.87,-175.44,5.56,-1675.13,3.37,-1.43,-0.05,-18.74,-56.5,69.56,-37.38,0.5,0.0,-0.87,-0.01,26,-218890240,-1577.18,3837857,58.82352941176471,2276,True,False,False,A,N,1
15918,0.0,0.0,2.41,0.0,2.41,M,M,M,300.0,15,31.54,254.34,0,2.41,Force Sensor 3,1,0,1.81,59.69,-177.87,5.19,-1684.5,3.75,-5.72,-0.17,-20.3,-56.5,69.56,-37.38,0.37,0.0,-0.93,-0.01,26,-212074496,-1357.97,3837868,125.0,2287,True,False,False,A,N,1
15936,0.0,0.0,1.48,0.0,1.48,M,M,M,300.0,15,31.69,259.11,0,1.48,Force Sensor 3,1,0,359.56,43.19,-178.62,6.0,-1719.31,3.81,-4.42,0.22,-18.69,-58.06,65.25,52.75,0.23,0.0,-0.97,-0.01,26,-224329728,-1101.24,3837881,47.61904761904761,2305,True,False,False,A,N,1
15951,0.0,0.0,1.11,0.0,1.11,M,M,M,300.0,15,31.48,256.59,0,1.11,Force Sensor 3,1,0,359.87,9.31,-179.06,4.81,-1790.19,3.31,-6.65,-0.63,-15.49,-58.06,65.25,52.75,-0.07,-0.0,-1.0,-0.01,26,-215547904,-825.27,3837896,83.33333333333333,2320,True,False,False,A,N,1
15967,0.0,0.0,0.43,0.0,0.43,M,M,M,300.0,15,31.15,279.42,0,0.43,Force Sensor 3,1,0,0.06,-7.81,-179.12,3.94,-1792.88,4.37,-3.92,0.16,-14.45,-58.06,65.25,52.75,-0.22,-0.0,-0.98,-0.01,26,-207978496,-460.27,3837908,76.92307692307692,2336,True,False,False,A,N,1
15980,0.0,0.0,0.15,0.0,0.15,M,M,M,300.0,15,30.51,273.92,0,0.15,Force Sensor 3,1,0,0.19,-25.0,-179.06,4.94,-1786.31,4.25,-1.31,0.0,-12.71,44.06,55.75,52.75,-0.36,-0.0,-0.93,-0.01,26,-207290368,-103.13,3837920,47.61904761904761,2349,True,False,False,A,N,1
16001,0.0,0.0,1.11,0.0,1.11,M,M,M,300.0,15,30.43,276.44,0,1.11,Force Sensor 3,1,0,0.37,-41.63,-178.94,4.12,-1734.56,3.87,-0.41,-0.36,-7.78,44.06,55.75,52.75,-0.49,-0.0,-0.87,-0.01,26,-211877888,181.67,3837933,76.92307692307692,2370,True,False,False,A,N,1
16013,0.0,0.0,1.92,0.0,1.92,M,M,M,300.0,15,30.69,284.07,0,1.92,Force Sensor 3,1,0,359.12,-74.06,-177.06,4.0,-1657.0,3.25,1.18,0.03,-8.62,44.06,55.75,52.75,-0.71,-0.01,-0.71,-0.0,26,-222724096,353.42,3837947,62.5,2382,True,False,False,A,N,1
16026,0.0,0.0,2.38,0.0,2.38,M,M,M,300.0,15,30.32,286.97,0,2.38,Force Sensor 3,1,0,359.44,-89.12,-179.12,4.12,-1639.44,3.31,5.07,-0.53,-8.74,44.06,55.75,52.75,-0.79,-0.01,-0.61,-0.0,26,-212992000,300.72,3837959,62.5,2395,True,False,False,A,N,1
16045,0.0,0.0,3.43,0.0,3.43,M,M,M,300.0,15,30.18,291.32,0,3.43,Force Sensor 3,1,0,0.31,0.37,-1.0,4.37,-1569.0,3.37,6.74,0.38,-14.04,64.19,57.38,-42.0,-1.0,-0.01,0.0,0.0,26,-197459968,-568.34,3838014,83.33333333333333,2414,True,False,False,A,N,1
16058,0.0,0.0,4.1,0.0,4.1,M,M,M,300.0,15,29.97,298.55,0,4.1,Force Sensor 3,1,0,0.44,15.44,-1.12,4.87,-1567.25,1.81,1.73,-0.13,-16.76,-21.19,66.75,-64.37,-0.99,-0.01,0.13,0.0,26,-221675520,-908.98,3838024,55.55555555555557,2427,True,False,False,A,N,1
16071,0.0,-0.0,4.26,0.0,4.26,M,M,M,300.0,15,29.72,295.94,0,4.26,Force Sensor 3,1,0,0.56,31.0,-1.31,4.5,-1614.38,2.19,2.74,0.27,-18.78,-21.19,66.75,-64.37,-0.92,-0.01,0.4,0.01,26,-208306176,-1182.84,3838039,62.5,2440,True,False,False,A,N,1
16091,0.0,0.0,3.83,0.0,3.83,M,M,M,300.0,15,29.74,286.2,0,3.83,Force Sensor 3,1,0,0.69,46.94,-1.69,4.87,-1708.25,3.31,0.29,0.46,-21.62,-21.19,66.75,-64.37,-0.85,-0.01,0.53,0.01,26,-215252992,-1385.37,3838052,66.66666666666667,2460,True,False,False,A,N,1
16104,0.0,0.0,3.27,0.0,3.27,M,M,M,300.0,15,30.24,283.98,0,3.27,Force Sensor 3,1,0,1.0,79.87,-6.5,5.56,-1719.94,4.0,1.09,-0.37,-20.01,-21.19,66.75,-64.37,-0.77,-0.01,0.64,0.01,26,-212107264,-1476.72,3838063,62.5,2473,True,False,False,A,N,1
16123,0.0,0.0,2.52,0.0,2.52,M,M,M,300.0,15,30.88,268.53,0,2.52,Force Sensor 3,1,0,1.25,83.56,-178.87,5.69,-1702.19,3.37,-2.11,-0.17,-20.88,-75.56,69.69,9.19,-0.67,-0.01,0.74,0.01,26,-221413376,-1491.95,3838076,76.92307692307692,2492,True,False,False,A,N,1
16132,0.0,0.0,2.02,0.0,2.02,M,M,M,300.0,15,31.16,264.59,0,2.02,Force Sensor 3,1,0,1.56,67.25,-177.19,5.19,-1710.88,3.25,-5.66,-0.33,-19.35,-75.56,69.69,9.19,-0.43,-0.0,0.9,0.01,26,-208502784,-1373.62,3838094,62.5,2501,True,False,False,A,N,1
16148,0.0,11.26,1.51,0.0,1.51,M,M,M,300.0,15,31.37,266.84,0,1.51,Force Sensor 3,1,0,359.62,34.13,-178.81,5.25,-1738.06,4.0,-8.43,-0.82,-18.47,-75.56,69.69,9.19,-0.29,-0.0,0.96,0.01,26,-215973888,-1178.68,3838105,58.82352941176471,2517,True,False,False,A,N,1
16164,0.0,0.0,1.23,0.0,1.23,M,M,M,300.0,15,31.27,261.98,0,1.23,Force Sensor 3,1,0,359.81,17.06,-179.0,4.06,-1774.88,3.62,-4.6,0.49,-17.72,-75.56,69.69,9.19,-0.15,-0.0,0.99,0.01,26,-217612288,-938.01,3838115,66.66666666666667,2533,True,False,False,A,N,1
16180,0.0,0.0,0.4,0.0,0.4,M,M,M,300.0,15,31.32,266.75,0,0.4,Force Sensor 3,1,0,359.81,17.06,-179.0,4.06,-1774.88,3.62,-4.6,0.49,-17.72,-9.88,61.0,74.06,0.0,0.0,1.0,0.01,26,-213155840,-552.63,3838128,71.42857142857143,2549,True,False,False,A,N,1
16196,0.0,0.0,0.28,0.0,0.28,M,M,M,300.0,15,31.33,266.11,0,0.28,Force Sensor 3,1,0,0.13,-17.62,-179.12,4.56,-1811.44,4.31,-3.61,-0.3,-12.49,-9.88,61.0,74.06,0.3,0.0,0.95,0.01,26,-208109568,-166.4,3838141,66.66666666666667,2565,True,False,False,A,N,1
16209,0.0,0.0,0.08,0.0,0.08,M,M,M,300.0,15,31.38,263.87,0,0.08,Force Sensor 3,1,0,358.56,-52.5,-178.69,4.56,-1819.19,3.87,1.38,0.23,-12.47,-9.88,61.0,74.06,0.44,0.0,0.9,0.01,26,-218267648,103.05,3838154,71.42857142857143,2578,True,False,False,A,N,1
16221,0.0,0.0,0.67,0.0,0.67,M,M,M,300.0,15,31.51,266.75,0,0.67,Force Sensor 3,1,0,359.06,-69.62,-177.69,4.06,-1782.31,2.81,-1.27,-0.26,-10.81,-9.88,61.0,74.06,0.57,0.01,0.82,0.0,26,-207683584,215.07,3838167,100.0,2590,True,False,False,A,N,1
16234,0.0,0.0,1.78,0.0,1.78,M,M,M,300.0,15,31.38,271.87,0,1.78,Force Sensor 3,1,0,359.37,-86.56,-179.19,4.37,-1773.25,2.5,2.25,0.05,-8.17,74.69,55.19,1.75,0.78,0.01,0.62,0.0,26,-206503936,189.03,3838181,47.61904761904761,2603,True,False,False,A,N,1
16254,0.0,0.0,1.96,0.0,1.96,M,M,M,300.0,15,30.78,288.81,0,1.96,Force Sensor 3,1,0,359.75,-60.69,-1.75,4.44,-1673.69,1.87,8.19,-0.43,-9.89,74.69,55.19,1.75,0.86,0.01,0.51,0.0,26,-207224832,118.66,3838194,76.92307692307692,2623,True,False,False,A,N,1
16263,0.0,0.0,2.05,0.0,2.05,M,M,M,300.0,15,30.31,293.73,0,2.05,Force Sensor 3,1,0,359.94,-45.0,-1.25,4.87,-1628.56,2.62,4.44,0.17,-11.44,74.69,55.19,1.75,0.92,0.01,0.38,0.0,26,-217841664,-41.07,3838206,90.9090909090909,2632,True,False,False,A,N,1
16287,0.0,0.0,0.33,0.0,0.33,M,M,M,300.0,15,30.07,301.36,0,0.33,Force Sensor 3,1,0,0.06,-29.44,-1.06,4.44,-1621.25,3.37,8.29,-0.02,-12.37,74.69,55.19,1.75,0.97,0.01,0.25,-0.0,26,-213549056,-341.12,3838219,45.45454545454545,2656,True,False,False,A,N,1
16299,0.0,21.66,0.0,0.0,0.0,M,M,M,300.0,15,29.69,298.45,0,0.0,Force Sensor 3,1,0,0.69,48.5,-1.69,5.5,-1630.56,3.31,2.77,0.0,-19.5,-65.56,68.56,-24.56,0.85,0.01,-0.53,-0.01,26,-214761472,-1403.22,3838272,90.9090909090909,2668,False,False,False,H,H,0
16311,0.0,0.0,0.0,0.0,0.0,,,,300.0,15,29.83,303.46,0,,Force Sensor 3,0,0,1.0,79.87,-6.44,5.37,-1627.69,3.75,-0.85,0.08,-20.89,-65.56,68.56,-24.56,0.77,0.01,-0.64,-0.01,26,-220364800,-1443.29,3838284,62.5,2680,False,False,False,H,H,0
16327,0.0,0.0,0.06,0.0,0.06,M,M,M,300.0,15,29.58,301.26,0,0.06,Force Sensor 3,1,0,1.19,84.31,-178.87,5.56,-1620.31,3.81,-3.26,-0.15,-19.57,-65.56,68.56,-24.56,0.67,0.01,-0.74,-0.01,26,-206766080,-1374.28,3838297,58.82352941176471,2696,True,False,False,A,N,1
16340,0.0,0.0,0.06,0.0,0.06,M,M,M,300.0,15,29.69,305.76,0,0.06,Force Sensor 3,1,0,1.5,68.56,-177.06,5.37,-1644.81,3.94,-4.45,0.25,-19.71,-65.56,68.56,-24.56,0.44,0.0,-0.9,-0.01,26,-213090304,-1219.28,3838310,125.0,2709,True,False,False,A,N,1
16360,0.0,0.0,0.55,0.0,0.55,M,M,M,300.0,15,29.58,303.36,0,0.55,Force Sensor 3,1,0,1.94,52.44,-178.31,5.81,-1680.31,3.5,-9.73,-0.69,-18.79,-48.88,63.56,61.69,0.31,0.0,-0.95,-0.01,26,-207683584,-965.27,3838323,47.61904761904761,2729,True,False,False,A,N,1
16373,0.0,0.0,0.86,0.0,0.86,M,M,M,300.0,15,29.58,303.15,0,0.86,Force Sensor 3,1,0,359.75,18.87,-179.06,6.87,-1767.38,3.56,-3.53,0.57,-16.68,-48.88,63.56,61.69,0.16,0.0,-0.99,-0.01,26,-203194368,-716.91,3838336,76.92307692307692,2742,True,False,False,A,N,1
16386,0.0,0.0,0.32,0.0,0.32,M,M,M,300.0,15,29.59,303.67,0,0.32,Force Sensor 3,1,0,359.94,1.75,-179.19,5.25,-1787.56,4.25,-6.09,-0.57,-15.18,-48.88,63.56,61.69,-0.14,-0.0,-0.99,-0.01,26,-210436096,-547.21,3838349,52.631578947368425,2755,True,False,False,A,N,1
16407,0.0,-0.0,0.0,0.0,0.0,,,,300.0,15,29.7,298.65,0,,Force Sensor 3,0,0,0.06,-15.56,-179.19,4.62,-1807.56,4.19,-6.33,-0.46,-12.94,-48.88,63.56,61.69,-0.28,-0.0,-0.96,-0.01,26,-216203264,-385.15,3838362,76.92307692307692,2776,False,False,False,H,H,0
16418,0.0,0.0,-0.0,0.0,-0.0,,,,300.0,15,29.81,301.26,0,,Force Sensor 3,0,0,358.56,-50.63,-178.81,4.75,-1845.81,3.62,-0.42,0.28,-13.66,54.25,54.75,43.5,-0.43,-0.0,-0.9,-0.01,26,-207519744,-248.17,3838375,76.92307692307692,2787,False,False,False,H,H,0
16430,0.0,0.0,-0.0,0.0,-0.0,,,,300.0,15,29.68,296.04,0,,Force Sensor 3,0,0,359.06,-68.37,-178.0,4.37,-1848.38,3.75,0.57,-0.22,-11.48,54.25,54.75,43.5,-0.68,-0.01,-0.73,-0.0,26,-213843968,-136.19,3838388,76.92307692307692,2799,False,False,False,H,H,0
16451,0.0,-13.2,-0.0,0.0,-0.0,,,,300.0,15,29.8,296.34,0,,Force Sensor 3,0,0,359.37,-86.19,-179.19,4.75,-1850.25,3.94,2.08,-0.19,-13.58,54.25,54.75,43.5,-0.79,-0.01,-0.61,-0.0,26,-215318528,-91.76,3838401,50.0,2820,False,False,False,H,H,0
16464,0.0,0.0,-0.0,0.0,-0.0,,,,300.0,15,29.93,301.26,0,,Force Sensor 3,0,0,359.81,-58.0,-1.56,4.37,-1859.0,3.25,6.05,0.16,-14.51,54.25,54.75,43.5,-0.87,-0.01,-0.49,-0.0,26,-217153536,-168.0,3838415,90.9090909090909,2833,False,False,False,H,H,0
16476,0.0,0.0,-0.0,0.0,-0.0,,,,300.0,15,29.69,296.14,0,,Force Sensor 3,0,0,359.94,-40.25,-1.12,5.06,-1852.63,2.87,6.58,0.1,-16.14,54.0,59.88,-54.25,-0.94,-0.01,-0.34,-0.0,26,-219119616,-364.46,3838427,58.82352941176471,2845,False,False,False,H,H,0
16492,0.0,0.0,-0.0,0.0,-0.0,,,,300.0,15,29.94,301.16,0,,Force Sensor 3,0,0,0.06,-22.37,-1.0,4.25,-1860.88,3.12,6.01,-0.19,-21.33,54.0,59.88,-54.25,-1.0,-0.01,-0.04,0.0,26,-218267648,-590.64,3838440,62.5,2861,False,False,False,H,H,0
16508,0.0,0.0,-0.0,0.0,-0.0,,,,300.0,15,29.69,298.35,0,,Force Sensor 3,0,0,0.37,13.38,-1.06,5.94,-1861.56,2.94,6.68,0.09,-21.73,54.0,59.88,-54.25,-0.99,-0.01,0.12,0.0,26,-212893696,-752.66,3838453,62.5,2877,False,False,False,H,H,0
16526,0.0,0.0,-0.0,0.0,-0.0,,,,300.0,15,29.34,306.07,0,,Force Sensor 3,0,0,0.5,31.12,-1.25,5.37,-1853.63,3.25,6.24,0.0,-23.68,54.0,59.88,-54.25,-0.96,-0.01,0.27,0.0,26,-214794240,-928.62,3838466,62.5,2895,False,False,False,H,H,0
16537,0.0,0.0,-0.0,0.0,-0.0,,,,300.0,15,29.44,313.49,0,,Force Sensor 3,0,0,0.62,48.81,-1.62,5.37,-1842.19,3.06,1.84,-0.08,-23.99,-48.0,69.69,-45.88,-0.91,-0.01,0.41,0.01,26,-223019008,-1033.54,3838479,111.11111111111113,2906,False,False,False,H,H,0
16558,0.0,0.0,-0.0,0.0,-0.0,,,,300.0,15,28.93,321.24,0,,Force Sensor 3,0,0,1.62,60.69,-177.94,5.25,-1817.44,3.31,-3.81,-0.15,-21.53,-48.0,69.69,-45.88,-0.37,-0.0,0.93,0.01,26,-217219072,-1081.44,3838518,50.0,2927,False,False,False,H,H,0
16570,0.0,0.0,-0.0,0.0,-0.0,,,,300.0,15,28.66,325.59,0,,Force Sensor 3,0,0,359.5,43.19,-178.69,5.19,-1824.38,4.31,-8.4,-0.13,-19.9,-58.75,66.06,51.69,-0.22,-0.0,0.97,0.01,26,-205750272,-988.09,3838527,83.33333333333333,2939,False,False,False,H,H,0
16582,0.0,0.0,-0.0,0.0,-0.0,,,,300.0,15,28.43,326.03,0,,Force Sensor 3,0,0,359.69,25.69,-179.0,4.94,-1817.63,3.44,-5.16,-0.02,-18.82,-58.75,66.06,51.69,-0.07,-0.0,1.0,0.01,26,-208896000,-870.71,3838544,47.61904761904761,2951,False,False,False,H,H,0
16603,0.0,11.58,-0.0,0.0,-0.0,M,M,M,300.0,15,28.39,320.58,0,-0.0,Force Sensor 3,1,0,0.0,-9.38,-179.19,5.44,-1829.63,4.06,-4.35,-0.23,-15.18,-58.75,66.06,51.69,0.08,0.0,1.0,0.01,26,-204931072,-683.7,3838556,83.33333333333333,2972,False,False,False,H,H,0
16616,0.0,0.0,-0.0,0.0,-0.0,,,,300.0,15,28.65,318.29,0,,Force Sensor 3,0,0,0.19,-26.87,-179.12,4.37,-1824.31,4.0,-5.76,-0.47,-13.6,-58.75,66.06,51.69,0.23,0.0,0.97,0.01,26,-211484672,-503.32,3838565,83.33333333333333,2985,False,False,False,H,H,0
16623,0.0,0.0,-0.0,0.0,-0.0,,,,300.0,15,28.76,318.4,0,,Force Sensor 3,0,0,0.37,-44.5,-178.94,4.69,-1837.56,3.5,-1.19,0.21,-12.86,50.69,55.56,49.38,0.38,0.0,0.93,0.01,26,-208404480,-358.45,3838574,76.92307692307692,2992,False,False,False,H,H,0
16644,0.0,0.0,-0.0,0.0,-0.0,,,,300.0,15,28.86,316.11,0,,Force Sensor 3,0,0,358.94,-62.25,-178.44,4.5,-1847.38,3.31,-2.03,-0.32,-12.16,50.69,55.56,49.38,0.64,0.01,0.76,0.0,26,-209944576,-242.72,3838588,50.0,3013,False,False,False,H,H,0
16659,0.0,0.0,-0.0,0.0,-0.0,,,,300.0,15,28.84,310.88,0,,Force Sensor 3,0,0,359.31,-80.19,-175.62,4.75,-1873.13,3.81,2.83,-0.18,-13.76,50.69,55.56,49.38,0.76,0.01,0.65,0.0,26,-222494720,-205.7,3838601,83.33333333333333,3028,False,False,False,H,H,0
16677,0.0,0.0,-0.0,0.0,-0.0,,,,300.0,15,29.09,308.69,0,,Force Sensor 3,0,0,359.75,-63.38,-1.75,4.87,-1902.06,3.06,5.3,0.08,-15.22,50.69,55.56,49.38,0.85,0.01,0.53,0.0,26,-215482368,-233.49,3838611,62.5,3046,False,False,False,H,H,0
16688,0.0,0.0,-0.0,0.0,-0.0,,,,300.0,15,29.2,308.48,0,,Force Sensor 3,0,0,359.75,-63.38,-1.75,5.44,-1918.75,3.37,7.21,0.0,-17.79,56.75,59.19,-51.25,0.92,0.01,0.38,0.0,26,-219938816,-329.19,3838622,55.55555555555557,3057,False,False,False,H,H,0
16709,0.0,0.0,-0.0,0.0,-0.0,,,,300.0,15,29.2,298.85,0,,Force Sensor 3,0,0,0.06,-26.31,-1.0,4.75,-1943.56,3.44,5.38,0.08,-20.58,56.75,59.19,-51.25,0.97,0.01,0.23,-0.0,26,-225280000,-501.86,3838636,66.66666666666667,3078,False,False,False,H,H,0
16721,0.0,0.0,-0.0,0.0,-0.0,,,,300.0,15,29.69,298.75,0,,Force Sensor 3,0,0,0.19,-7.37,-0.94,5.81,-1973.38,2.81,7.97,-0.06,-22.74,56.75,59.19,-51.25,0.99,0.01,-0.1,-0.0,26,-208207872,-684.74,3838648,76.92307692307692,3090,False,False,False,H,H,0
16733,0.0,0.0,-0.0,0.0,-0.0,,,,300.0,15,29.69,293.43,0,,Force Sensor 3,0,0,0.31,11.69,-1.0,5.75,-1995.56,3.37,5.42,0.06,-27.01,56.75,59.19,-51.25,0.96,0.01,-0.27,-0.0,26,-226557952,-890.17,3838661,76.92307692307692,3102,False,False,False,H,H,0
16746,0.0,0.0,-0.0,0.0,-0.0,,,,300.0,15,29.83,293.83,0,,Force Sensor 3,0,0,0.44,30.75,-1.25,6.06,-1969.38,2.94,2.71,-0.07,-27.02,-46.56,69.69,-46.25,0.91,0.01,-0.42,-0.01,26,-218726400,-1015.11,3838674,83.33333333333333,3115,False,False,False,H,H,0
16766,0.0,0.0,-0.0,0.0,-0.0,,,,300.0,15,29.95,306.28,0,,Force Sensor 3,0,0,0.81,68.44,-2.94,6.44,-1962.0,4.12,-0.78,-0.19,-25.79,-46.56,69.69,-46.25,0.72,0.01,-0.69,-0.01,26,-209092608,-1093.08,3838691,50.0,3135,False,False,False,H,H,0
16779,0.0,0.0,-0.0,0.0,-0.0,,,,300.0,15,29.32,308.69,0,,Force Sensor 3,0,0,1.31,74.06,-176.19,5.69,-1944.56,3.56,-4.54,0.02,-25.37,-46.56,69.69,-46.25,0.6,0.01,-0.8,-0.01,26,-214466560,-1092.7,3838703,83.33333333333333,3148,False,False,False,H,H,0
16791,0.0,0.0,-0.0,0.0,-0.0,,,,300.0,15,29.2,318.4,0,,Force Sensor 3,0,0,359.62,34.94,-178.87,4.87,-1933.63,4.0,-7.86,-0.26,-22.35,-51.5,63.56,60.06,-0.3,-0.0,0.95,0.01,26,-197296128,-911.83,3838923,47.61904761904761,3160,False,False,False,H,H,0
16808,0.0,0.0,-0.0,0.0,-0.0,,,,300.0,15,28.68,318.51,0,,Force Sensor 3,0,0,359.75,16.19,-179.06,5.56,-1955.5,3.75,-4.72,0.03,-20.45,-51.5,63.56,60.06,-0.14,-0.0,0.99,0.01,26,-209944576,-726.87,3838937,76.92307692307692,3177,False,False,False,H,H,0
16828,0.0,-0.0,-0.0,0.0,-0.0,,,,300.0,15,28.68,313.18,0,,Force Sensor 3,0,0,359.94,-2.62,-179.19,5.75,-1966.38,4.06,-5.66,-0.21,-16.93,-51.5,63.56,60.06,0.19,0.0,0.98,0.01,26,-210731008,-522.74,3838949,83.33333333333333,3197,False,False,False,H,H,0
16840,0.0,0.0,-0.0,0.0,-0.0,,,,300.0,15,28.94,318.4,0,,Force Sensor 3,0,0,0.13,-21.56,-179.19,4.81,-1975.5,3.81,-1.98,-0.24,-15.84,-51.5,63.56,60.06,0.35,0.0,0.94,0.01,26,-213385216,-371.88,3838961,47.61904761904761,3209,False,False,False,H,H,0
16861,0.0,0.0,-0.0,0.0,-0.0,,,,300.0,15,28.88,323.09,0,,Force Sensor 3,0,0,0.31,-40.56,-179.0,4.81,-1975.5,3.81,0.37,-0.35,-12.06,63.0,53.38,33.5,0.5,0.0,0.87,0.0,26,-218923008,-239.62,3838973,90.9090909090909,3230,False,False,False,H,H,0
16873,0.0,0.0,-0.0,0.0,-0.0,,,,300.0,15,28.41,320.91,0,,Force Sensor 3,0,0,359.25,-78.25,-176.31,4.87,-1966.88,4.12,3.86,0.17,-12.61,63.0,53.38,33.5,0.75,0.01,0.66,0.0,26,-211288064,-212.64,3838987,55.55555555555557,3242,False,False,False,H,H,0
16886,0.0,0.0,-0.0,0.0,-0.0,,,,300.0,15,28.51,323.64,0,,Force Sensor 3,0,0,359.5,-83.06,-6.37,4.5,-1935.69,3.44,6.58,0.13,-14.61,63.0,53.38,33.5,0.84,0.01,0.54,0.0,26,-214138880,-246.88,3839000,66.66666666666667,3255,False,False,False,H,H,0
16898,0.0,-3.28,-0.0,0.0,-0.0,,,,300.0,15,28.36,318.51,0,,Force Sensor 3,0,0,359.75,-64.81,-1.87,5.37,-1878.75,3.25,7.49,0.0,-15.97,63.0,53.38,33.5,0.92,0.01,0.4,0.0,26,-219643904,-341.21,3839013,125.0,3267,False,False,False,H,H,0
16914,0.0,0.0,-0.0,0.0,-0.0,,,,300.0,15,28.47,313.39,0,,Force Sensor 3,0,0,0.0,-28.81,-1.0,4.62,-1871.0,3.37,6.32,0.14,-18.04,37.88,61.75,-63.56,0.97,0.01,0.25,-0.0,26,-217120768,-511.79,3839025,47.61904761904761,3283,False,False,False,H,H,0
16930,0.0,0.0,-0.0,0.0,-0.0,,,,300.0,15,28.85,310.67,0,,Force Sensor 3,0,0,0.19,-10.81,-0.94,5.44,-1875.81,2.31,6.77,-0.12,-20.48,37.88,61.75,-63.56,1.0,0.01,-0.06,-0.0,26,-213942272,-681.44,3839042,83.33333333333333,3299,False,False,False,H,H,0
16947,0.0,0.0,-0.0,0.0,-0.0,,,,300.0,15,28.98,303.57,0,,Force Sensor 3,0,0,0.44,25.5,-1.12,5.25,-1895.56,3.25,6.88,0.09,-25.06,37.88,61.75,-63.56,0.98,0.01,-0.22,-0.0,26,-221708288,-875.33,3839055,71.42857142857143,3316,False,False,False,H,H,0
16960,0.0,0.0,-0.0,0.0,-0.0,,,,300.0,15,29.1,308.27,0,,Force Sensor 3,0,0,0.56,43.63,-1.5,5.75,-1891.38,2.62,3.41,-0.1,-25.51,37.88,61.75,-63.56,0.93,0.01,-0.37,-0.0,26,-218398720,-1003.6,3839064,50.0,3329,False,False,False,H,H,0
16972,0.0,0.0,-0.0,0.0,-0.0,,,,300.0,15,29.1,308.27,0,,Force Sensor 3,0,0,0.75,61.75,-2.31,5.94,-1888.69,3.75,1.51,0.13,-24.8,-62.38,69.75,-29.0,0.86,0.01,-0.51,-0.01,26,-219545600,-1090.07,3839077,90.9090909090909,3341,False,False,False,H,H,0
16989,0.0,0.0,-0.0,0.0,-0.0,,,,300.0,15,29.08,308.48,0,,Force Sensor 3,0,0,0.94,79.75,-6.12,5.37,-1877.5,3.75,-2.33,0.05,-24.15,-62.38,69.75,-29.0,0.66,0.01,-0.75,-0.01,26,-214433792,-1104.08,3839095,50.0,3358,False,False,False,H,H,0
17005,0.0,0.0,-0.0,0.0,-0.0,,,,300.0,15,29.07,308.58,0,,Force Sensor 3,0,0,1.5,64.56,-177.62,5.69,-1838.44,3.87,-3.94,-0.08,-22.18,-62.38,69.75,-29.0,0.53,0.01,-0.85,-0.01,26,-216891392,-1028.23,3839106,83.33333333333333,3374,False,False,False,H,H,0
17021,0.0,0.0,-0.0,0.0,-0.0,,,,300.0,15,29.32,299.05,0,,Force Sensor 3,0,0,2.06,46.94,-178.56,4.87,-1837.31,3.87,-9.43,-0.19,-22.0,-62.38,69.75,-29.0,0.4,0.0,-0.92,-0.01,26,-203849728,-918.8,3839117,55.55555555555557,3390,False,False,False,H,H,0
17033,0.0,0.0,-0.0,0.0,-0.0,,,,300.0,15,29.54,303.77,0,,Force Sensor 3,0,0,359.62,29.06,-178.94,5.0,-1863.75,3.5,-7.49,-0.04,-20.2,-39.06,64.25,66.56,0.25,0.0,-0.97,-0.01,26,-210960384,-744.91,3839130,90.9090909090909,3402,False,False,False,H,H,0
17049,0.0,0.0,-0.0,0.0,-0.0,,,,300.0,15,29.3,305.87,0,,Force Sensor 3,0,0,359.81,10.75,-179.12,5.56,-1942.94,4.31,-4.43,-0.02,-17.29,-39.06,64.25,66.56,-0.07,-0.0,-1.0,-0.01,26,-210763776,-540.36,3839145,83.33333333333333,3418,False,False,False,H,H,0
17061,0.0,-5.83,-0.01,0.0,-0.01,,,,300.0,15,29.19,316.0,0,,Force Sensor 3,0,0,0.19,-26.56,-179.12,4.94,-1956.44,4.56,-5.6,-0.23,-14.48,-39.06,64.25,66.56,-0.39,-0.0,-0.92,-0.01,26,-211320832,-380.08,3839158,47.61904761904761,3430,False,False,False,H,H,0
17078,0.0,0.0,-0.0,0.0,-0.0,,,,300.0,15,28.68,316.0,0,,Force Sensor 3,0,0,358.31,-45.44,-178.94,4.75,-1969.94,3.44,-0.39,0.03,-13.83,-39.06,64.25,66.56,-0.53,-0.0,-0.85,-0.0,26,-212893696,-254.83,3839169,83.33333333333333,3447,False,False,False,H,H,0
17091,0.0,0.0,-0.01,0.0,-0.01,,,,300.0,15,28.26,318.4,0,,Force Sensor 3,0,0,358.94,-64.25,-178.31,4.87,-1957.5,3.94,-0.59,-0.25,-13.72,67.0,54.5,24.56,-0.66,-0.01,-0.75,-0.0,26,-207847424,-212.05,3839182,76.92307692307692,3460,False,False,False,H,H,0
17107,0.0,0.0,-0.01,0.0,-0.01,,,,300.0,15,28.53,320.37,0,,Force Sensor 3,0,0,359.56,-78.25,-3.81,4.69,-1942.19,3.25,5.27,-0.06,-14.11,67.0,54.5,24.56,-0.78,-0.01,-0.63,-0.0,26,-215089152,-247.62,3839195,50.0,3476,False,False,False,H,H,0
17123,0.0,0.0,-0.01,0.0,-0.01,,,,300.0,15,28.42,315.9,0,,Force Sensor 3,0,0,359.75,-59.63,-1.62,5.25,-1941.19,3.25,6.5,0.16,-15.29,67.0,54.5,24.56,-0.87,-0.01,-0.5,-0.0,26,-218955776,-349.07,3839208,76.92307692307692,3492,False,False,False,H,H,0
17139,0.0,0.0,-0.01,0.0,-0.01,,,,300.0,15,28.62,320.58,0,,Force Sensor 3,0,0,359.94,-41.06,-1.12,5.25,-1938.19,3.25,5.18,-0.09,-18.25,67.0,54.5,24.56,-0.98,-0.01,-0.19,0.0,26,-222429184,-510.79,3839221,83.33333333333333,3508,False,False,False,H,H,0
17153,0.0,0.0,-0.01,0.0,-0.01,,,,300.0,15,28.38,323.31,0,,Force Sensor 3,0,0,0.06,-22.31,-1.0,5.19,-1950.38,3.31,7.89,0.24,-23.23,29.87,62.88,-67.5,-1.0,-0.01,-0.03,0.0,26,-210632704,-706.49,3839235,50.0,3522,False,False,False,H,H,0
17173,0.0,0.0,-0.01,0.0,-0.01,,,,300.0,15,28.22,328.32,0,,Force Sensor 3,0,0,0.37,15.56,-1.06,6.25,-1984.44,3.81,4.68,-0.21,-25.29,29.87,62.88,-67.5,-0.95,-0.01,0.3,0.0,26,-224821248,-898.04,3839247,58.82352941176471,3542,False,False,False,H,H,0
17185,0.0,0.0,-0.01,0.0,-0.01,,,,300.0,15,28.22,328.32,0,,Force Sensor 3,0,0,0.5,34.75,-1.31,5.75,-2001.06,3.25,5.0,-0.18,-28.6,29.87,62.88,-67.5,-0.89,-0.01,0.45,0.01,26,-216858624,-1035.53,3839260,83.33333333333333,3554,False,False,False,H,H,0
17197,0.0,0.0,-0.01,0.0,-0.01,,,,300.0,15,28.32,318.83,0,,Force Sensor 3,0,0,0.62,53.88,-1.87,6.06,-1995.56,3.62,0.47,-0.04,-27.18,-67.87,69.5,-18.06,-0.8,-0.01,0.59,0.01,26,-216596480,-1113.8,3839273,83.33333333333333,3566,False,False,False,H,H,0
17213,0.0,0.0,-0.01,0.0,-0.01,,,,300.0,15,28.41,308.37,0,,Force Sensor 3,0,0,1.06,88.19,-178.87,5.56,-1936.19,3.69,-0.81,-0.13,-26.05,-67.87,69.5,-18.06,-0.58,-0.01,0.82,0.01,26,-210731008,-1109.36,3839286,47.61904761904761,3582,False,False,False,H,H,0
17230,0.0,0.0,-0.01,0.0,-0.01,,,,300.0,15,28.93,310.67,0,,Force Sensor 3,0,0,1.37,70.25,-176.94,5.69,-1904.44,3.81,-4.8,-0.16,-24.46,-67.87,69.5,-18.06,-0.44,-0.0,0.9,0.01,26,-213155840,-1025.72,3839299,76.92307692307692,3599,False,False,False,H,H,0
17243,0.0,-0.01,-0.01,0.0,-0.01,,,,300.0,15,28.81,303.36,0,,Force Sensor 3,0,0,1.87,52.13,-178.37,5.19,-1890.44,4.06,-6.24,-0.26,-20.65,-67.87,69.5,-18.06,-0.29,-0.0,0.96,0.01,26,-221184000,-902.43,3839312,83.33333333333333,3612,False,False,False,H,H,0
17259,0.0,0.0,-0.01,0.0,-0.01,,,,300.0,15,29.17,298.45,0,,Force Sensor 3,0,0,359.62,34.13,-178.87,5.25,-1862.25,3.69,-7.71,-0.35,-16.51,-22.37,61.5,72.19,-0.14,-0.0,0.99,0.01,26,-207814656,-728.9,3839325,50.0,3628,False,False,False,H,H,0
17275,0.0,0.0,-0.01,0.0,-0.01,,,,300.0,15,29.42,303.26,0,,Force Sensor 3,0,0,359.94,-1.37,-179.19,5.37,-1844.44,4.0,-5.91,0.04,-14.43,-22.37,61.5,72.19,0.17,0.0,0.99,0.01,26,-215252992,-552.04,3839339,83.33333333333333,3644,False,False,False,H,H,0
17292,0.0,0.0,-0.01,0.0,-0.01,,,,300.0,15,29.18,295.64,0,,Force Sensor 3,0,0,0.13,-19.0,-179.19,4.56,-1839.31,3.44,-2.68,-0.23,-12.55,-22.37,61.5,72.19,0.31,0.0,0.95,0.01,26,-210763776,-410.37,3839352,55.55555555555557,3661,False,False,False,H,H,0
17305,0.0,0.0,-0.01,0.0,-0.01,,,,300.0,15,29.43,296.04,0,,Force Sensor 3,0,0,358.62,-54.19,-178.75,4.69,-1829.25,3.56,-1.19,-0.24,-9.48,-22.37,61.5,72.19,0.46,0.0,0.89,0.01,26,-213352448,-306.43,3839364,83.33333333333333,3674,False,False,False,H,H,0
17320,0.0,-0.0,-0.01,0.0,-0.01,,,,300.0,15,29.54,303.46,0,,Force Sensor 3,0,0,359.12,-71.62,-177.62,4.44,-1819.0,3.62,1.64,0.08,-9.95,74.25,53.75,7.19,0.59,0.0,0.81,0.0,26,-217350144,-278.18,3839377,58.82352941176471,3689,False,False,False,H,H,0
17336,0.0,0.0,-0.01,0.0,-0.01,,,,300.0,15,29.17,308.48,0,,Force Sensor 3,0,0,359.37,-88.81,-179.19,4.56,-1837.5,3.25,5.71,0.08,-11.94,74.25,53.75,7.19,0.8,0.01,0.6,0.0,26,-217677824,-294.55,3839393,66.66666666666667,3705,False,False,False,H,H,0
17354,0.0,0.0,-0.01,0.0,-0.01,,,,300.0,15,28.53,318.51,0,,Force Sensor 3,0,0,359.81,-55.31,-1.44,4.94,-1864.75,3.25,5.76,-0.06,-15.01,74.25,53.75,7.19,0.89,0.01,0.46,0.0,26,-217448448,-381.05,3839405,58.82352941176471,3723,False,False,False,H,H,0
17369,0.0,0.0,-0.01,0.0,-0.01,,,,300.0,15,28.4,320.58,0,,Force Sensor 3,0,0,359.94,-37.13,-1.12,4.87,-1892.81,3.31,7.08,-0.05,-17.82,74.25,53.75,7.19,0.95,0.01,0.32,0.0,26,-223739904,-530.37,3839416,66.66666666666667,3738,False,False,False,H,H,0
17382,0.0,0.0,-0.01,0.0,-0.01,,,,300.0,15,28.28,321.34,0,,Force Sensor 3,0,0,0.13,-18.62,-1.0,5.81,-1925.75,2.44,6.28,0.05,-20.23,19.56,63.69,-67.5,0.99,0.01,0.16,-0.0,26,-214466560,-710.31,3839432,71.42857142857143,3751,False,False,False,H,H,0
17398,0.0,-1.66,-0.01,0.0,-0.01,,,,300.0,15,28.23,323.2,0,,Force Sensor 3,0,0,0.37,18.81,-1.12,5.75,-1957.44,3.44,6.59,0.05,-26.34,19.56,63.69,-67.5,0.99,0.01,-0.16,-0.0,26,-219217920,-908.71,3839445,62.5,3767,False,False,False,H,H,0
17415,0.0,0.0,-0.01,0.0,-0.01,,,,300.0,15,28.22,323.31,0,,Force Sensor 3,0,0,0.5,37.63,-1.37,5.81,-1968.13,2.94,4.39,0.13,-26.93,19.56,63.69,-67.5,0.95,0.01,-0.32,-0.0,26,-221249536,-1048.71,3839456,62.5,3784,False,False,False,H,H,0
17431,0.0,0.0,-0.01,0.0,-0.01,,,,300.0,15,28.1,322.98,0,,Force Sensor 3,0,0,0.69,56.63,-2.0,6.31,-1977.38,4.31,1.35,0.24,-29.17,19.56,63.69,-67.5,0.88,0.01,-0.47,-0.01,26,-217972736,-1139.9,3839468,62.5,3800,False,False,False,H,H,0
17443,0.0,0.0,-0.01,0.0,-0.01,,,,300.0,15,28.11,323.53,0,,Force Sensor 3,0,0,0.88,75.56,-4.44,5.75,-1975.81,3.75,-0.85,-0.38,-29.12,-70.37,69.06,-12.69,0.68,0.01,-0.73,-0.01,26,-215842816,-1151.13,3839481,83.33333333333333,3812,False,False,False,H,H,0
17459,0.0,0.0,-0.01,0.0,-0.01,,,,300.0,15,27.84,318.08,0,,Force Sensor 3,0,0,1.44,66.56,-177.37,6.19,-1967.13,4.19,-5.35,-0.16,-25.13,-70.37,69.06,-12.69,0.55,0.01,-0.84,-0.01,26,-212566016,-1068.24,3839494,55.55555555555557,3828,False,False,False,H,H,0
17476,0.0,0.0,-0.01,0.0,-0.01,,,,300.0,15,28.32,313.39,0,,Force Sensor 3,0,0,2.06,47.63,-178.56,5.19,-1976.5,4.12,-9.57,-0.31,-24.42,-70.37,69.06,-12.69,0.4,0.0,-0.91,-0.01,26,-205488128,-943.33,3839507,62.5,3845,False,False,False,H,H,0
17492,0.0,0.0,-0.01,0.0,-0.01,,,,300.0,15,28.54,310.88,0,,Force Sensor 3,0,0,359.62,28.56,-178.94,5.75,-1988.5,3.87,-5.86,0.09,-21.97,-70.37,69.06,-12.69,0.08,0.0,-1.0,-0.01,26,-214466560,-760.19,3839520,76.92307692307692,3861,False,False,False,H,H,0
17505,0.0,0.0,-0.01,0.0,-0.01,,,,300.0,15,28.66,301.36,0,,Force Sensor 3,0,0,359.81,9.44,-179.12,5.75,-1993.5,3.81,-6.98,-0.35,-19.33,-15.38,60.25,72.56,-0.08,-0.0,-1.0,-0.01,26,-211943424,-565.75,3839535,58.82352941176471,3874,False,False,False,H,H,0
17521,0.0,0.0,-0.01,0.0,-0.01,,,,300.0,15,29.16,301.06,0,,Force Sensor 3,0,0,0.19,-28.5,-179.12,4.62,-1961.94,4.19,-1.9,-0.19,-13.57,-15.38,60.25,72.56,-0.25,-0.0,-0.97,-0.01,26,-212697088,-420.9,3839546,66.66666666666667,3890,False,False,False,H,H,0
17534,0.0,0.0,-0.01,0.0,-0.01,,,,300.0,15,29.15,298.45,0,,Force Sensor 3,0,0,358.37,-47.0,-178.87,4.75,-1927.0,3.06,-0.88,0.01,-12.09,-15.38,60.25,72.56,-0.54,-0.0,-0.84,-0.0,26,-216432640,-311.8,3839559,83.33333333333333,3903,False,False,False,H,H,0
17550,0.0,-0.82,-0.01,0.0,-0.01,,,,300.0,15,29.29,301.06,0,,Force Sensor 3,0,0,358.94,-65.19,-178.19,4.94,-1896.69,3.94,0.49,-0.21,-12.09,75.37,54.88,-6.5,-0.66,-0.01,-0.75,-0.0,26,-218464256,-291.79,3839572,58.82352941176471,3919,False,False,False,H,H,0
17565,0.0,0.0,-0.01,0.0,-0.01,,,,300.0,15,29.15,298.55,0,,Force Sensor 3,0,0,359.31,-83.12,-173.62,4.69,-1847.5,3.0,5.84,0.0,-11.86,75.37,54.88,-6.5,-0.77,-0.01,-0.64,-0.0,26,-219938816,-318.24,3839586,62.5,3934,False,False,False,H,H,0
17582,0.0,0.0,-0.01,0.0,-0.01,,,,300.0,15,29.04,298.65,0,,Force Sensor 3,0,0,359.75,-61.44,-1.69,5.19,-1832.75,2.94,5.86,0.23,-12.74,75.37,54.88,-6.5,-0.93,-0.01,-0.37,-0.0,26,-217022464,-420.31,3839598,66.66666666666667,3951,False,False,False,H,H,0
17595,0.0,0.0,-0.01,0.0,-0.01,,,,300.0,15,29.27,308.48,0,,Force Sensor 3,0,0,359.87,-43.88,-1.19,4.44,-1826.44,3.12,7.82,-0.14,-17.99,75.37,54.88,-6.5,-0.97,-0.01,-0.23,0.0,26,-218103808,-567.81,3839611,76.92307692307692,3964,False,False,False,H,H,0
17611,0.0,0.0,-0.01,0.0,-0.01,,,,300.0,15,28.78,308.48,0,,Force Sensor 3,0,0,0.06,-26.31,-1.0,5.25,-1831.88,2.69,9.16,0.15,-19.77,3.19,66.25,-68.5,-1.0,-0.01,-0.07,0.0,26,-209977344,-737.95,3839624,52.631578947368425,3980,False,False,False,H,H,0
17627,0.0,0.0,-0.01,0.0,-0.01,,,,300.0,15,28.39,314.03,0,,Force Sensor 3,0,0,0.31,9.13,-1.0,5.19,-1845.94,3.44,4.89,-0.01,-24.98,3.19,66.25,-68.5,-0.97,-0.01,0.23,0.0,26,-217677824,-926.94,3839640,66.66666666666667,3996,False,False,False,H,H,0
17643,0.0,0.0,-0.01,0.0,-0.01,,,,300.0,15,28.48,321.24,0,,Force Sensor 3,0,0,0.44,26.75,-1.19,6.31,-1831.63,3.56,1.98,0.0,-25.39,3.19,66.25,-68.5,-0.93,-0.01,0.38,0.0,26,-222822400,-1045.45,3839652,83.33333333333333,4012,False,False,False,H,H,0
17655,0.0,0.0,-0.01,0.0,-0.01,,,,300.0,15,28.11,318.51,0,,Force Sensor 3,0,0,0.69,62.19,-2.37,5.5,-1860.88,3.81,0.98,0.03,-25.42,3.19,66.25,-68.5,-0.86,-0.01,0.52,0.01,26,-217448448,-1141.31,3839663,62.5,4024,False,False,False,H,H,0
17673,0.0,0.0,-0.01,0.0,-0.01,,,,300.0,15,27.86,315.68,0,,Force Sensor 3,0,0,0.94,80.19,-6.44,5.37,-1879.56,3.25,-1.88,0.09,-27.91,-73.37,70.25,1.56,-0.76,-0.01,0.64,0.01,26,-212828160,-1157.12,3839680,62.5,4042,False,False,False,H,H,0
17688,0.0,0.0,-0.01,0.0,-0.01,,,,300.0,15,28.36,316.11,0,,Force Sensor 3,0,0,1.12,81.44,-172.81,5.31,-1916.19,3.94,-5.05,-0.14,-24.76,-73.37,70.25,1.56,-0.52,-0.01,0.85,0.01,26,-214925312,-1095.66,3839692,76.92307692307692,4057,False,False,False,H,H,0
17701,0.0,-0.84,-0.01,0.0,-0.01,,,,300.0,15,28.33,313.39,0,,Force Sensor 3,0,0,359.5,44.63,-178.62,5.0,-1925.25,4.31,-8.29,-0.23,-22.88,-73.37,70.25,1.56,-0.38,-0.0,0.93,0.01,26,-220758016,-983.07,3839705,62.5,4070,False,False,False,H,H,0
17716,0.0,0.0,-0.01,0.0,-0.01,,,,300.0,15,28.46,315.9,0,,Force Sensor 3,0,0,359.69,25.94,-179.0,5.69,-1948.44,3.44,-7.82,0.04,-20.16,-73.37,70.25,1.56,-0.22,-0.0,0.97,0.01,26,-199884800,-811.89,3839715,62.5,4085,False,False,False,H,H,0
17733,0.0,0.0,-0.01,0.0,-0.01,,,,300.0,15,28.42,318.29,0,,Force Sensor 3,0,0,359.81,7.19,-179.12,5.37,-1953.75,4.5,-7.65,-0.37,-18.27,-7.75,59.75,72.87,-0.06,-0.0,1.0,0.01,26,-215842816,-609.74,3839728,62.5,4102,False,False,False,H,H,0
17746,0.0,0.0,-0.01,0.0,-0.01,,,,300.0,15,28.19,310.99,0,,Force Sensor 3,0,0,0.0,-11.63,-179.19,5.5,-1966.25,4.37,-2.02,0.06,-13.39,-7.75,59.75,72.87,0.26,0.0,0.96,0.01,26,-214597632,-456.32,3839741,76.92307692307692,4115,False,False,False,H,H,0
17763,0.0,0.0,-0.01,0.0,-0.01,,,,300.0,15,28.55,311.09,0,,Force Sensor 3,0,0,0.19,-30.5,-179.12,5.12,-1963.06,3.81,-1.39,-0.22,-11.66,-7.75,59.75,72.87,0.42,0.0,0.91,0.01,26,-207945728,-325.61,3839754,62.5,4132,False,False,False,H,H,0
17779,0.0,0.0,-0.01,0.0,-0.01,,,,300.0,15,28.67,303.15,0,,Force Sensor 3,0,0,359.0,-67.94,-178.0,4.81,-1943.25,3.75,1.24,-0.01,-11.95,-7.75,59.75,72.87,0.56,0.0,0.83,0.0,26,-214564864,-287.4,3839767,62.5,4148,False,False,False,H,H,0
17791,0.0,0.0,-0.01,0.0,-0.01,,,,300.0,15,28.93,295.74,0,,Force Sensor 3,0,0,359.37,-86.31,-179.19,4.37,-1924.38,3.69,3.84,-0.2,-11.73,75.37,55.0,-10.25,0.79,0.01,0.61,0.0,26,-211058688,-317.89,3839781,76.92307692307692,4160,False,False,False,H,H,0
17807,0.0,0.0,-0.01,0.0,-0.01,,,,300.0,15,29.3,293.53,0,,Force Sensor 3,0,0,359.75,-56.63,-1.5,5.37,-1920.81,3.19,6.02,-0.12,-15.41,75.37,55.0,-10.25,0.88,0.01,0.47,0.0,26,-211779584,-405.96,3839794,52.631578947368425,4176,False,False,False,H,H,0
17823,0.0,0.0,-0.01,0.0,-0.01,,,,300.0,15,29.42,293.63,0,,Force Sensor 3,0,0,359.94,-38.06,-1.12,4.81,-1933.31,3.81,9.0,0.05,-17.91,75.37,55.0,-10.25,0.95,0.01,0.33,0.0,26,-226295808,-574.29,3839806,76.92307692307692,4192,False,False,False,H,H,0
17837,0.0,0.0,-0.01,0.0,-0.01,,,,300.0,15,29.41,293.53,0,,Force Sensor 3,0,0,0.06,-19.62,-1.0,5.5,-1925.94,2.37,11.11,0.02,-21.05,75.37,55.0,-10.25,0.99,0.01,0.17,-0.0,26,-216203264,-751.59,3839819,71.42857142857143,4206,False,False,False,H,H,0
17852,0.0,-0.01,-0.01,0.0,-0.01,,,,300.0,15,29.3,301.26,0,,Force Sensor 3,0,0,0.19,-1.12,-1.0,5.44,-1924.19,3.56,7.97,0.14,-22.78,-4.06,66.25,-67.5,0.99,0.01,-0.15,-0.0,26,-213843968,-947.82,3839834,66.66666666666667,4221,False,False,False,H,H,0
17869,0.0,0.0,-0.01,0.0,-0.01,,,,300.0,15,29.04,310.99,0,,Force Sensor 3,0,0,0.5,35.38,-1.31,5.75,-1899.44,2.87,5.3,-0.14,-27.21,-4.06,66.25,-67.5,0.95,0.01,-0.3,-0.0,26,-219512832,-1079.6,3839845,62.5,4238,False,False,False,H,H,0
17884,0.0,-0.0,-0.01,0.0,-0.01,,,,300.0,15,28.55,308.79,0,,Force Sensor 3,0,0,0.62,53.44,-1.87,5.87,-1886.19,3.81,2.88,0.13,-26.47,-4.06,66.25,-67.5,0.81,0.01,-0.58,-0.01,26,-218005504,-1159.27,3839858,71.42857142857143,4253,False,False,False,H,H,0
17897,0.0,0.0,-0.01,0.0,-0.01,,,,300.0,15,28.65,315.68,0,,Force Sensor 3,0,0,0.81,71.25,-3.44,5.31,-1855.31,3.37,0.45,-0.23,-26.33,-4.06,66.25,-67.5,0.71,0.01,-0.7,-0.01,26,-217415680,-1167.52,3839871,62.5,4266,False,False,False,H,H,0
17914,0.0,0.0,-0.01,0.0,-0.01,,,,300.0,15,28.52,311.09,0,,Force Sensor 3,0,0,1.0,88.37,-1.06,5.5,-1825.25,3.31,-6.06,-0.19,-23.38,-74.37,70.69,12.69,0.6,0.01,-0.8,-0.01,26,-214859776,-1099.84,3839885,58.82352941176471,4283,False,False,False,H,H,0
17931,0.0,0.0,-0.01,0.0,-0.01,,,,300.0,15,28.52,316.0,0,,Force Sensor 3,0,0,1.75,56.63,-178.19,4.81,-1794.5,3.94,-6.72,0.05,-21.5,-74.37,70.69,12.69,0.34,0.0,-0.94,-0.01,26,-214761472,-1000.72,3839897,66.66666666666667,4300,False,False,False,H,H,0
17944,0.0,0.0,-0.01,0.0,-0.01,,,,300.0,15,28.26,323.96,0,,Force Sensor 3,0,0,359.56,39.44,-178.75,4.81,-1790.38,3.62,-7.77,-0.3,-19.7,-74.37,70.69,12.69,0.19,0.0,-0.98,-0.01,26,-219742208,-852.33,3839910,71.42857142857143,4313,False,False,False,H,H,0
17958,0.0,0.0,-0.01,0.0,-0.01,,,,300.0,15,27.87,325.92,0,,Force Sensor 3,0,0,359.69,22.06,-179.0,5.12,-1807.44,3.56,-10.25,-0.36,-16.32,5.25,59.38,70.56,0.04,0.0,-1.0,-0.01,26,-215023616,-660.88,3839923,66.66666666666667,4327,False,False,False,H,H,0
17976,0.0,0.0,-0.01,0.0,-0.01,,,,300.0,15,27.73,321.02,0,,Force Sensor 3,0,0,0.06,-13.0,-179.19,4.56,-1845.88,4.0,-7.65,-0.09,-13.39,5.25,59.38,70.56,-0.42,-0.0,-0.91,-0.01,26,-214990848,-509.29,3839948,62.5,4345,False,False,False,H,H,0
17992,0.0,-0.01,-0.01,0.0,-0.01,,,,300.0,15,27.97,323.42,0,,Force Sensor 3,0,0,358.44,-49.38,-178.81,4.69,-1907.44,3.75,2.8,0.21,-10.78,5.25,59.38,70.56,-0.56,-0.0,-0.83,-0.0,26,-214171648,-381.08,3839960,62.5,4361,False,False,False,H,H,0
18004,0.0,0.0,-0.01,0.0,-0.01,,,,300.0,15,27.83,315.79,0,,Force Sensor 3,0,0,359.0,-67.81,-178.0,4.62,-1920.13,3.62,3.07,-0.23,-12.22,75.0,55.0,-14.56,-0.68,-0.01,-0.73,-0.0,26,-215252992,-314.29,3839970,76.92307692307692,4373,False,False,False,H,H,0
18018,0.0,0.0,-0.01,0.0,-0.01,,,,300.0,15,28.45,305.97,0,,Force Sensor 3,0,0,359.31,-86.0,-179.19,4.5,-1905.56,3.12,3.07,-0.23,-12.22,75.0,55.0,-14.56,-0.79,-0.01,-0.61,-0.0,26,-222330880,-389.76,3839989,66.66666666666667,4387,False,False,False,H,H,0
18032,0.0,0.0,-0.01,0.0,-0.01,,,,300.0,15,28.69,308.58,0,,Force Sensor 3,0,0,359.75,-57.19,-1.5,4.94,-1935.69,3.5,8.08,0.07,-18.37,75.0,55.0,-14.56,-0.94,-0.01,-0.33,-0.0,26,-215056384,-535.26,3840003,76.92307692307692,4401,False,False,False,H,H,0
18048,0.0,0.0,-0.01,0.0,-0.01,,,,300.0,15,28.56,301.16,0,,Force Sensor 3,0,0,0.06,-19.81,-1.0,5.94,-1959.38,2.81,6.58,-0.01,-21.43,75.0,55.0,-14.56,-0.98,-0.01,-0.17,0.0,26,-226263040,-718.91,3840014,62.5,4417,False,False,False,H,H,0
18066,0.0,0.0,-0.01,0.0,-0.01,,,,300.0,15,28.69,293.63,0,,Force Sensor 3,0,0,0.69,56.31,-2.0,6.37,-1985.38,4.19,0.73,0.02,-30.27,-6.56,66.56,-67.37,-0.88,-0.01,0.47,0.01,26,-217284608,-1147.13,3840053,62.5,4435,False,False,False,H,H,0
18081,0.0,0.0,-0.01,0.0,-0.01,,,,300.0,15,29.3,296.24,0,,Force Sensor 3,0,0,0.88,75.19,-4.31,5.56,-1972.81,3.69,-0.61,-0.19,-29.58,-6.56,66.56,-67.37,-0.68,-0.01,0.73,0.01,26,-209354752,-1184.26,3840067,55.55555555555557,4450,False,False,False,H,H,0
18098,0.0,0.0,-0.01,0.0,-0.01,,,,300.0,15,29.17,288.81,0,,Force Sensor 3,0,0,1.12,85.81,-178.87,5.62,-1951.94,3.81,-2.34,0.03,-27.08,-74.37,67.75,18.56,-0.68,-0.01,0.73,0.01,26,-209682432,-1115.82,3840079,90.9090909090909,4467,False,False,False,H,H,0
18111,0.0,0.0,-0.01,0.0,-0.01,,,,300.0,15,29.55,288.61,0,,Force Sensor 3,0,0,1.44,67.56,-177.25,5.0,-1882.44,4.12,-8.43,-0.2,-22.51,-74.37,67.75,18.56,-0.42,-0.0,0.91,0.01,26,-204144640,-1006.75,3840092,58.82352941176471,4480,False,False,False,H,H,0
18127,0.0,0.0,-0.01,0.0,-0.01,,,,300.0,15,29.58,293.53,0,,Force Sensor 3,0,0,359.62,31.5,-178.87,5.12,-1876.88,3.81,-6.98,-0.01,-19.49,-74.37,67.75,18.56,-0.27,-0.0,0.96,0.01,26,-201457664,-848.65,3840105,62.5,4496,False,False,False,H,H,0
18144,0.0,-0.09,-0.01,0.0,-0.01,,,,300.0,15,29.33,308.9,0,,Force Sensor 3,0,0,359.75,13.56,-179.12,5.37,-1867.06,3.62,-7.57,-0.25,-16.84,-74.37,67.75,18.56,0.04,-0.0,1.0,0.01,26,-211812352,-654.18,3840118,58.82352941176471,4513,False,False,False,H,H,0
18159,0.0,0.0,-0.01,0.0,-0.01,,,,300.0,15,28.21,318.29,0,,Force Sensor 3,0,0,359.94,-4.31,-179.19,4.94,-1866.56,4.5,-9.41,-0.16,-12.45,17.37,58.56,67.87,0.19,0.0,0.98,0.01,26,-211812352,-501.81,3840131,83.33333333333333,4528,False,False,False,H,H,0
18171,0.0,0.0,-0.01,0.0,-0.01,,,,300.0,15,28.07,321.02,0,,Force Sensor 3,0,0,0.31,-39.69,-179.0,4.44,-1836.88,3.31,-1.29,0.02,-9.86,17.37,58.56,67.87,0.34,0.0,0.94,0.01,26,-213549056,-372.84,3840144,55.55555555555557,4540,False,False,False,H,H,0
18189,0.0,0.0,-0.01,0.0,-0.01,,,,300.0,15,27.92,323.09,0,,Force Sensor 3,0,0,358.69,-57.06,-178.62,4.75,-1809.0,3.69,-0.87,-0.28,-9.47,17.37,58.56,67.87,0.48,0.0,0.88,0.01,26,-210075648,-309.07,3840157,83.33333333333333,4558,False,False,False,H,H,0
18201,0.0,0.0,-0.01,0.0,-0.01,,,,300.0,15,27.81,313.81,0,,Force Sensor 3,0,0,359.12,-74.31,-177.19,4.19,-1795.06,3.12,2.79,-0.17,-8.11,17.37,58.56,67.87,0.72,0.01,0.7,0.0,26,-215941120,-297.59,3840170,62.5,4570,False,False,False,H,H,0
18217,0.0,0.0,-0.01,0.0,-0.01,,,,300.0,15,28.27,320.69,0,,Force Sensor 3,0,0,359.44,-88.44,-0.75,4.56,-1770.56,2.94,4.63,0.04,-9.05,72.5,56.88,-27.0,0.81,0.01,0.59,0.0,26,-212828160,-342.87,3840183,62.5,4586,False,False,False,H,H,0
18232,0.0,0.0,-0.01,0.0,-0.01,,,,300.0,15,28.01,318.19,0,,Force Sensor 3,0,0,359.81,-54.94,-1.44,4.37,-1751.88,3.06,7.8,-0.07,-13.49,72.5,56.88,-27.0,0.89,0.01,0.46,0.0,26,-215187456,-480.95,3840196,58.82352941176471,4601,False,False,False,H,H,0
18249,0.0,0.0,-0.01,0.0,-0.01,,,,300.0,15,28.02,318.4,0,,Force Sensor 3,0,0,359.94,-37.75,-1.12,4.94,-1788.5,2.81,6.66,0.2,-16.36,72.5,56.88,-27.0,0.98,0.01,0.17,-0.0,26,-227377152,-647.11,3840209,62.5,4618,False,False,False,H,H,0
18265,0.0,0.0,-0.01,0.0,-0.01,,,,300.0,15,28.0,323.53,0,,Force Sensor 3,0,0,0.06,-19.94,-1.0,5.44,-1851.75,2.81,8.41,-0.1,-20.1,72.5,56.88,-27.0,1.0,0.01,0.02,-0.0,26,-221544448,-834.57,3840222,66.66666666666667,4634,False,False,False,H,H,0
18278,0.0,0.0,-0.01,0.0,-0.01,,,,300.0,15,28.35,308.17,0,,Force Sensor 3,0,0,0.19,-1.75,-1.0,5.5,-1939.63,2.81,7.59,0.28,-27.37,-12.06,66.69,-65.0,0.99,0.01,-0.15,-0.0,26,-221446144,-1002.86,3840235,76.92307692307692,4647,False,False,False,H,H,0
18295,0.0,17.42,-0.01,0.0,-0.01,M,M,M,300.0,15,28.49,300.95,0,-0.01,Force Sensor 3,1,0,0.5,35.56,-1.31,6.44,-1956.38,3.69,3.43,-0.31,-28.56,-12.06,66.69,-65.0,0.95,0.01,-0.31,-0.0,26,-216727552,-1107.66,3840248,58.82352941176471,4664,False,False,False,H,H,0
18309,0.0,0.0,-0.01,0.0,-0.01,,,,300.0,15,28.85,298.65,0,,Force Sensor 3,0,0,0.62,54.5,-1.94,5.75,-1973.25,4.25,-0.16,0.03,-30.21,-12.06,66.69,-65.0,0.8,0.01,-0.6,-0.01,26,-213188608,-1187.46,3840265,66.66666666666667,4678,False,False,False,H,H,0
18324,0.0,0.0,-0.01,0.0,-0.01,,,,300.0,15,28.96,293.73,0,,Force Sensor 3,0,0,1.06,87.5,-178.87,6.0,-1955.5,3.75,-5.07,-0.07,-27.6,-74.37,69.69,17.69,0.57,0.01,-0.82,-0.01,26,-207290368,-1150.31,3840278,66.66666666666667,4693,False,False,False,H,H,0
18344,0.0,0.0,-0.01,0.0,-0.01,,,,300.0,15,28.85,296.04,0,,Force Sensor 3,0,0,1.37,69.06,-177.06,5.75,-1951.25,4.25,-5.09,-0.12,-25.96,-74.37,69.69,17.69,0.43,0.0,-0.9,-0.01,26,-212303872,-1063.38,3840290,62.5,4713,False,False,False,H,H,0
18356,0.0,0.0,-0.01,0.0,-0.01,,,,300.0,15,29.1,298.75,0,,Force Sensor 3,0,0,1.94,50.38,-178.44,5.56,-1953.31,3.69,-8.86,-0.08,-20.05,-74.37,69.69,17.69,0.27,0.0,-0.96,-0.01,26,-199393280,-913.52,3840303,71.42857142857143,4725,False,False,False,H,H,0
18372,0.0,0.0,-0.01,0.0,-0.01,,,,300.0,15,28.96,295.84,0,,Force Sensor 3,0,0,359.81,13.0,-179.06,5.69,-1941.88,4.25,-8.68,-0.31,-17.98,-74.37,69.69,17.69,0.11,0.0,-0.99,-0.01,26,-208896000,-713.84,3840317,58.82352941176471,4741,False,False,False,H,H,0
18385,0.0,0.0,-0.01,0.0,-0.01,,,,300.0,15,29.23,296.04,0,,Force Sensor 3,0,0,359.94,-5.69,-179.19,5.06,-1956.44,4.5,-4.88,0.16,-16.17,18.37,57.69,67.87,-0.05,0.0,-1.0,-0.01,26,-212926464,-541.17,3840326,76.92307692307692,4754,False,False,False,H,H,0
18402,0.0,0.0,-0.01,0.0,-0.01,,,,300.0,15,29.11,299.05,0,,Force Sensor 3,0,0,0.13,-24.44,-179.12,4.69,-1957.0,3.87,-2.83,0.38,-12.49,18.37,57.69,67.87,-0.37,-0.0,-0.93,-0.01,26,-215711744,-400.48,3840339,62.5,4771,False,False,False,H,H,0
18417,0.0,0.0,-0.01,0.0,-0.01,,,,300.0,15,28.96,308.58,0,,Force Sensor 3,0,0,0.31,-43.19,-178.94,4.69,-1917.63,3.81,2.32,-0.02,-10.42,18.37,57.69,67.87,-0.51,-0.0,-0.86,-0.01,26,-211681280,-321.29,3840352,62.5,4786,False,False,False,H,H,0
18434,0.0,0.0,-0.01,0.0,-0.01,,,,300.0,15,28.34,313.71,0,,Force Sensor 3,0,0,359.19,-79.5,-175.75,4.37,-1871.19,3.25,4.16,-0.15,-9.0,18.37,57.69,67.87,-0.64,-0.01,-0.77,-0.0,26,-221052928,-324.43,3840367,62.5,4803,False,False,False,H,H,0
18446,0.0,-0.36,-0.01,0.0,-0.01,,,,300.0,15,28.21,315.9,0,,Force Sensor 3,0,0,359.5,-82.62,-6.25,4.62,-1844.19,3.19,7.39,0.2,-9.67,71.0,56.88,-32.0,-0.75,-0.01,-0.66,-0.0,26,-218660864,-374.34,3840378,83.33333333333333,4815,False,False,False,H,H,0
18463,0.0,0.0,-0.01,0.0,-0.01,,,,300.0,15,28.09,316.0,0,,Force Sensor 3,0,0,359.69,-65.19,-1.94,5.0,-1821.81,2.81,8.99,0.02,-14.69,71.0,56.88,-32.0,-0.91,-0.01,-0.41,-0.0,26,-215154688,-496.76,3840391,58.82352941176471,4832,False,False,False,H,H,0
18479,0.0,0.0,-0.01,0.0,-0.01,,,,300.0,15,28.08,313.81,0,,Force Sensor 3,0,0,359.81,-47.81,-1.31,5.25,-1808.63,2.31,10.61,0.09,-17.9,71.0,56.88,-32.0,-0.96,-0.01,-0.26,0.0,26,-228950016,-652.36,3840404,62.5,4848,False,False,False,H,H,0
18496,0.0,0.0,-0.01,0.0,-0.01,,,,300.0,15,28.06,310.78,0,,Force Sensor 3,0,0,0.13,-12.88,-1.0,5.0,-1827.38,3.37,9.33,0.13,-20.17,71.0,56.88,-32.0,-1.0,-0.01,0.04,0.0,26,-217743360,-828.82,3840417,71.42857142857143,4865,False,False,False,H,H,0
18508,0.0,0.0,-0.01,0.0,-0.01,,,,300.0,15,28.32,315.9,0,,Force Sensor 3,0,0,0.25,4.56,-1.0,5.31,-1823.81,3.12,6.85,0.0,-22.78,-22.56,68.19,-62.06,-1.0,-0.01,0.04,0.0,26,-215875584,-998.96,3840430,62.5,4877,False,False,False,H,H,0
18524,0.0,0.0,-0.01,0.0,-0.01,,,,300.0,15,28.05,318.73,0,,Force Sensor 3,0,0,0.37,22.12,-1.12,5.87,-1815.38,3.75,4.4,0.1,-26.26,-22.56,68.19,-62.06,-0.94,-0.01,0.34,0.0,26,-216793088,-1103.97,3840443,76.92307692307692,4893,False,False,False,H,H,0
18537,0.0,0.0,-0.01,0.0,-0.01,,,,300.0,15,27.9,323.09,0,,Force Sensor 3,0,0,0.69,56.88,-2.06,5.12,-1803.25,3.25,0.17,-0.05,-26.77,-22.56,68.19,-62.06,-0.88,-0.01,0.48,0.01,26,-216858624,-1186.72,3840456,71.42857142857143,4906,False,False,False,H,H,0
18553,0.0,0.0,-0.01,0.0,-0.01,,,,300.0,15,27.89,317.97,0,,Force Sensor 3,0,0,359.19,-76.81,-176.62,4.69,-1918.31,3.44,2.57,-0.06,-10.79,18.37,57.69,67.06,0.74,0.01,0.67,0.0,26,-211582976,-334.36,3840569,58.82352941176471,4922,False,False,False,H,H,0
18570,0.0,0.0,-0.01,0.0,-0.01,,,,300.0,15,27.91,308.58,0,,Force Sensor 3,0,0,359.44,-84.69,-0.75,4.75,-1915.63,3.31,7.04,0.16,-11.39,70.0,56.5,-30.75,0.84,0.01,0.55,0.0,26,-216596480,-361.61,3840578,62.5,4939,False,False,False,H,H,0
18582,0.0,0.0,-0.01,0.0,-0.01,,,,300.0,15,28.38,308.9,0,,Force Sensor 3,0,0,359.69,-66.25,-2.0,5.25,-1926.0,2.94,9.36,0.08,-17.17,70.0,56.5,-30.75,0.91,0.01,0.4,0.0,26,-220135424,-460.77,3840591,76.92307692307692,4951,False,False,False,H,H,0
18598,0.0,0.0,-0.01,0.0,-0.01,,,,300.0,15,28.88,303.77,0,,Force Sensor 3,0,0,359.87,-47.63,-1.25,5.69,-1960.06,3.0,7.58,-0.04,-20.6,70.0,56.5,-30.75,0.97,0.01,0.25,-0.0,26,-215416832,-647.33,3840607,58.82352941176471,4967,False,False,False,H,H,0
18615,0.0,0.0,-0.01,0.0,-0.01,,,,300.0,15,28.61,296.14,0,,Force Sensor 3,0,0,0.13,-9.81,-1.0,5.62,-1977.75,3.5,10.72,-0.04,-24.22,70.0,56.5,-30.75,1.0,0.01,0.09,-0.0,26,-223838208,-841.87,3840616,62.5,4984,False,False,False,H,H,0
18630,0.0,-14.57,-0.01,0.0,-0.01,,,,300.0,15,28.99,298.45,0,,Force Sensor 3,0,0,0.31,8.94,-1.06,5.69,-1963.19,3.12,8.72,0.07,-26.51,-24.5,68.0,-60.75,1.0,0.01,-0.08,-0.0,26,-215973888,-1036.66,3840625,62.5,4999,False,False,False,H,H,0
18644,0.0,0.0,-0.01,0.0,-0.01,,,,300.0,15,28.88,296.34,0,,Force Sensor 3,0,0,0.44,27.5,-1.19,5.81,-1935.56,3.0,6.5,-0.03,-27.05,-24.5,68.0,-60.75,0.97,0.01,-0.24,-0.0,26,-220889088,-1146.49,3840638,66.66666666666667,5013,False,False,False,H,H,0
18660,0.0,0.0,-0.01,0.0,-0.01,,,,300.0,15,29.24,288.81,0,,Force Sensor 3,0,0,0.56,45.81,-1.56,6.06,-1907.94,3.69,-0.17,-0.23,-28.74,-24.5,68.0,-60.75,0.85,0.01,-0.53,-0.01,26,-216137728,-1180.84,3840655,71.42857142857143,5029,False,False,False,H,H,0
18676,0.0,0.0,-0.01,0.0,-0.01,,,,300.0,15,29.37,293.53,0,,Force Sensor 3,0,0,0.94,81.69,-7.75,5.62,-1863.75,3.5,-0.91,0.01,-26.9,-24.5,68.0,-60.75,0.76,0.01,-0.65,-0.01,26,-217579520,-1130.86,3840664,76.92307692307692,5045,False,False,False,H,H,0
18688,0.0,0.0,-0.01,0.0,-0.01,,,,300.0,15,29.14,293.63,0,,Force Sensor 3,0,0,1.19,80.44,-173.44,5.81,-1843.19,3.87,-5.46,-0.15,-24.8,-69.69,68.0,35.06,0.65,0.01,-0.76,-0.01,26,-213319680,-1046.12,3840677,58.82352941176471,5057,False,False,False,H,H,0
18705,0.0,0.0,-0.01,0.0,-0.01,,,,300.0,15,29.14,298.75,0,,Force Sensor 3,0,0,1.56,62.75,-177.69,4.87,-1842.38,4.06,-9.85,-0.23,-23.05,-69.69,68.0,35.06,0.38,0.0,-0.92,-0.01,26,-221970432,-924.75,3840690,62.5,5074,False,False,False,H,H,0
18721,0.0,0.0,-0.01,0.0,-0.01,,,,300.0,15,28.4,313.6,0,,Force Sensor 3,0,0,2.19,45.25,-178.56,5.19,-1819.56,3.87,-8.52,-0.15,-17.17,-69.69,68.0,35.06,0.24,0.0,-0.97,-0.01,26,-210829312,-744.74,3840706,62.5,5090,False,False,False,H,H,0
18737,0.0,0.0,-0.01,0.0,-0.01,,,,300.0,15,28.13,321.24,0,,Force Sensor 3,0,0,359.81,10.31,-179.12,5.31,-1816.38,4.12,-7.21,0.24,-13.23,-69.69,68.0,35.06,0.09,0.0,-1.0,-0.01,26,-206503936,-573.11,3840716,76.92307692307692,5106,False,False,False,H,H,0
18749,0.0,0.0,-0.01,0.0,-0.01,,,,300.0,15,27.74,320.91,0,,Force Sensor 3,0,0,0.0,-6.81,-179.19,4.31,-1792.19,3.87,-7.28,-0.4,-11.37,31.56,56.25,62.5,-0.06,0.0,-1.0,-0.01,26,-211648512,-431.69,3840729,62.5,5118,False,False,False,H,H,0
18765,0.0,0.0,-0.01,0.0,-0.01,,,,300.0,15,27.62,318.62,0,,Force Sensor 3,0,0,0.13,-23.94,-179.12,4.81,-1781.19,3.19,-4.7,-0.2,-8.15,31.56,56.25,62.5,-0.35,-0.0,-0.94,-0.01,26,-211845120,-309.16,3840742,62.5,5134,False,False,False,H,H,0
18782,0.0,-0.92,-0.01,0.0,-0.01,,,,300.0,15,27.84,320.58,0,,Force Sensor 3,0,0,358.75,-58.06,-178.56,4.31,-1788.19,3.19,1.32,-0.23,-7.38,31.56,56.25,62.5,-0.61,-0.01,-0.79,-0.0,26,-214663168,-256.84,3840758,66.66666666666667,5151,False,False,False,H,H,0
18800,0.0,0.0,-0.01,0.0,-0.01,,,,300.0,15,27.73,311.09,0,,Force Sensor 3,0,0,359.12,-75.37,-177.0,4.31,-1804.31,2.94,2.26,0.08,-8.47,31.56,56.25,62.5,-0.73,-0.01,-0.69,-0.0,26,-214237184,-258.76,3840769,55.55555555555557,5169,False,False,False,H,H,0
18815,0.0,0.0,-0.01,0.0,-0.01,,,,300.0,15,27.81,313.39,0,,Force Sensor 3,0,0,359.44,-86.87,-0.75,4.94,-1827.19,3.31,3.89,-0.06,-10.44,68.75,57.0,-33.88,-0.82,-0.01,-0.57,-0.0,26,-218103808,-349.47,3840781,66.66666666666667,5184,False,False,False,H,H,0
18831,0.0,0.0,-0.01,0.0,-0.01,,,,300.0,15,28.07,313.49,0,,Force Sensor 3,0,0,359.81,-50.75,-1.37,5.06,-1906.06,3.12,9.56,0.08,-16.44,68.75,57.0,-33.88,-0.9,-0.01,-0.43,-0.0,26,-226787328,-493.33,3840794,62.5,5200,False,False,False,H,H,0
18843,0.0,0.0,-0.01,0.0,-0.01,,,,300.0,15,28.06,308.69,0,,Force Sensor 3,0,0,0.0,-32.19,-1.06,5.75,-1935.31,3.06,8.26,-0.03,-19.95,68.75,57.0,-33.88,-0.99,-0.01,-0.12,0.0,26,-228130816,-664.26,3840810,76.92307692307692,5212,False,False,False,H,H,0
18859,0.0,0.0,-0.01,0.0,-0.01,,,,300.0,15,28.31,295.94,0,,Force Sensor 3,0,0,0.13,-13.38,-1.0,5.31,-1963.94,3.44,9.41,0.08,-22.32,-22.25,69.0,-62.06,-1.0,-0.01,0.05,0.0,26,-212172800,-865.53,3840820,58.82352941176471,5228,False,False,False,H,H,0
18877,0.0,0.0,-0.01,0.0,-0.01,,,,300.0,15,28.93,293.53,0,,Force Sensor 3,0,0,0.25,5.5,-1.0,5.69,-1974.06,3.19,6.69,-0.01,-28.5,-22.25,69.0,-62.06,-0.98,-0.01,0.21,0.0,26,-218071040,-1021.66,3840833,66.66666666666667,5246,False,False,False,H,H,0
18888,0.0,0.0,-0.01,0.0,-0.01,,,,300.0,15,29.05,283.69,0,,Force Sensor 3,0,0,0.56,43.31,-1.5,6.12,-1967.38,4.25,3.97,-0.04,-29.08,-22.25,69.0,-62.06,-0.93,-0.01,0.37,0.0,26,-217776128,-1118.43,3840850,76.92307692307692,5257,False,False,False,H,H,0
18904,0.0,0.0,-0.01,0.0,-0.01,,,,300.0,15,29.55,286.39,0,,Force Sensor 3,0,0,0.69,62.0,-2.37,5.75,-1938.88,3.75,-2.92,-0.02,-28.85,-22.25,69.0,-62.06,-0.76,-0.01,0.65,0.01,26,-215875584,-1146.1,3840862,58.82352941176471,5273,False,False,False,H,H,0
18918,0.0,0.0,-0.01,0.0,-0.01,,,,300.0,15,29.31,291.42,0,,Force Sensor 3,0,0,0.94,80.56,-6.81,5.75,-1938.88,3.75,-6.31,-0.19,-26.91,-70.87,68.69,33.19,-0.65,-0.01,0.76,0.01,26,-212107264,-1073.73,3840872,83.33333333333333,5287,False,False,False,H,H,0
18933,0.0,-0.73,-0.01,0.0,-0.01,,,,300.0,15,29.18,300.75,0,,Force Sensor 3,0,0,1.19,80.69,-173.31,5.0,-1937.75,4.0,-5.85,0.01,-25.25,-70.87,68.69,33.19,-0.52,-0.01,0.86,0.01,26,-212238336,-972.82,3840885,62.5,5302,False,False,False,H,H,0
18949,0.0,0.0,-0.01,0.0,-0.01,,,,300.0,15,28.71,306.18,0,,Force Sensor 3,0,0,359.5,43.56,-178.62,5.69,-1939.56,3.94,-7.59,0.19,-21.66,-70.87,68.69,33.19,-0.22,-0.0,0.98,0.01,26,-203423744,-802.62,3840901,62.5,5318,False,False,False,H,H,0
18962,0.0,0.0,-0.01,0.0,-0.01,,,,300.0,15,28.44,312.96,0,,Force Sensor 3,0,0,359.69,25.19,-179.0,5.5,-1911.0,4.56,-5.71,0.09,-15.68,-70.87,68.69,33.19,-0.06,-0.0,1.0,0.01,26,-212664320,-612.82,3840912,76.92307692307692,5331,False,False,False,H,H,0
18978,0.0,0.0,-0.01,0.0,-0.01,,,,300.0,15,28.19,316.22,0,,Force Sensor 3,0,0,359.81,6.81,-179.12,5.5,-1911.0,4.56,-5.7,-0.18,-10.94,34.88,56.0,59.75,0.1,0.0,1.0,0.01,26,-212566016,-464.71,3840925,62.5,5347,False,False,False,H,H,0
18993,0.0,0.0,-0.01,0.0,-0.01,,,,300.0,15,27.92,310.88,0,,Force Sensor 3,0,0,0.19,-29.0,-179.12,4.87,-1864.06,3.06,-2.63,0.01,-8.75,34.88,56.0,59.75,0.25,0.0,0.97,0.01,26,-213876736,-335.35,3840938,58.82352941176471,5362,False,False,False,H,H,0
19008,0.0,0.0,-0.01,0.0,-0.01,,,,300.0,15,28.18,313.49,0,,Force Sensor 3,0,0,358.31,-46.56,-178.87,4.62,-1823.88,4.06,-0.27,-0.21,-7.97,34.88,56.0,59.75,0.53,0.0,0.85,0.01,26,-213483520,-282.72,3840955,83.33333333333333,5377,False,False,False,H,H,0
19024,0.0,0.0,-0.01,0.0,-0.01,,,,300.0,15,28.04,316.0,0,,Force Sensor 3,0,0,359.25,-80.44,-175.37,4.37,-1745.5,2.94,4.03,0.1,-6.67,34.88,56.0,59.75,0.65,0.01,0.76,0.0,26,-218595328,-289.07,3840965,62.5,5393,False,False,False,H,H,0
19040,0.0,0.0,-0.01,0.0,-0.01,,,,300.0,15,27.75,316.22,0,,Force Sensor 3,0,0,359.5,-82.69,-6.19,4.87,-1741.63,2.81,5.48,0.13,-8.14,65.5,58.75,-41.56,0.75,0.01,0.66,0.0,26,-218660864,-356.44,3840977,55.55555555555557,5409,False,False,False,H,H,0
19056,0.0,0.0,-0.01,0.0,-0.01,,,,300.0,15,27.88,318.08,0,,Force Sensor 3,0,0,0.37,22.25,-1.12,6.0,-1907.06,3.31,5.74,-0.12,-28.27,-27.87,69.37,-60.5,0.94,0.01,-0.35,-0.0,26,-216432640,-1051.12,3841037,66.66666666666667,5425,False,False,False,H,H,0
19069,0.0,0.0,-0.01,0.0,-0.01,,,,300.0,15,27.78,308.9,0,,Force Sensor 3,0,0,0.5,40.69,-1.44,5.75,-1918.81,3.94,3.69,0.09,-29.05,-27.87,69.37,-60.5,0.87,0.01,-0.49,-0.01,26,-214827008,-1232.97,3841055,83.33333333333333,5438,False,False,False,H,H,0
19085,0.0,-3.28,-0.01,0.0,-0.01,,,,300.0,15,28.23,310.88,0,,Force Sensor 3,0,0,0.88,77.5,-5.12,6.0,-1921.38,3.87,-4.29,0.02,-29.1,-27.87,69.37,-60.5,0.78,0.01,-0.63,-0.01,26,-215613440,-1205.63,3841068,58.82352941176471,5454,False,False,False,H,H,0
19102,0.0,-11.65,-0.01,0.0,-0.01,,,,300.0,15,28.63,301.26,0,,Force Sensor 3,0,0,1.12,83.87,-178.87,5.44,-1917.0,3.94,-5.75,-0.16,-27.71,-71.25,68.25,32.75,0.67,0.01,-0.74,-0.01,26,-213450752,-1128.91,3841081,58.82352941176471,5471,False,False,False,H,H,0
19115,0.0,0.0,-0.01,0.0,-0.01,,,,300.0,15,28.61,298.45,0,,Force Sensor 3,0,0,1.5,65.56,-177.5,5.56,-1931.56,3.81,-9.0,-0.2,-23.06,-71.25,68.25,32.75,0.4,0.0,-0.92,-0.01,26,-200802304,-971.53,3841094,76.92307692307692,5484,False,False,False,H,H,0
19131,0.0,0.0,-0.01,0.0,-0.01,,,,300.0,15,28.75,303.46,0,,Force Sensor 3,0,0,359.62,28.37,-178.94,5.12,-1946.38,4.06,-10.54,-0.44,-19.65,-71.25,68.25,32.75,0.08,0.0,-1.0,-0.01,26,-208044032,-776.45,3841108,62.5,5500,False,False,False,H,H,0
19146,0.0,0.0,-0.01,0.0,-0.01,,,,300.0,15,28.48,303.57,0,,Force Sensor 3,0,0,359.81,9.56,-179.12,5.69,-1956.94,4.12,-7.26,0.14,-16.33,-71.25,68.25,32.75,-0.08,-0.0,-1.0,-0.01,26,-216236032,-572.43,3841120,66.66666666666667,5515,False,False,False,H,H,0
19163,0.0,0.0,-0.01,0.0,-0.01,,,,300.0,15,28.49,298.45,0,,Force Sensor 3,0,0,0.0,-8.94,-179.19,4.81,-1938.56,4.25,-8.13,-0.41,-13.8,31.87,56.56,60.56,-0.24,-0.0,-0.97,-0.01,26,-211714048,-419.63,3841133,62.5,5532,False,False,False,H,H,0
19177,0.0,0.0,-0.01,0.0,-0.01,,,,300.0,15,28.74,296.14,0,,Force Sensor 3,0,0,358.25,-45.81,-178.87,4.94,-1906.69,3.5,-0.75,-0.14,-8.76,31.87,56.56,60.56,-0.39,-0.0,-0.92,-0.01,26,-214335488,-327.8,3841149,76.92307692307692,5546,False,False,False,H,H,0
19190,0.0,0.0,-0.01,0.0,-0.01,,,,300.0,15,28.86,291.02,0,,Force Sensor 3,0,0,358.87,-63.94,-178.25,4.44,-1891.81,3.56,7.08,0.12,-8.15,31.87,56.56,60.56,-0.66,-0.01,-0.75,-0.0,26,-215482368,-342.21,3841162,58.82352941176471,5559,False,False,False,H,H,0
19207,0.0,0.0,-0.01,0.0,-0.01,,,,300.0,15,29.23,296.34,0,,Force Sensor 3,0,0,359.25,-81.87,-174.5,5.12,-1845.13,2.62,8.46,-0.02,-9.79,64.69,58.5,-42.0,-0.76,-0.01,-0.64,-0.0,26,-218300416,-396.9,3841172,66.66666666666667,5576,False,False,False,H,H,0
19221,0.0,0.0,-0.01,0.0,-0.01,,,,300.0,15,28.86,298.45,0,,Force Sensor 3,0,0,359.5,-80.25,-4.69,5.12,-1845.13,2.62,8.47,0.09,-12.88,64.69,58.5,-42.0,-0.85,-0.01,-0.52,-0.0,26,-217186304,-475.34,3841185,71.42857142857143,5590,False,False,False,H,H,0
19236,0.0,-17.5,-0.01,0.0,-0.01,,,,300.0,15,28.76,308.69,0,,Force Sensor 3,0,0,359.87,-45.19,-1.25,4.94,-1828.56,2.87,8.21,0.13,-15.52,64.69,58.5,-42.0,-0.92,-0.01,-0.38,-0.0,26,-227737600,-618.94,3841200,62.5,5605,False,False,False,H,H,0
19253,0.0,0.0,-0.01,0.0,-0.01,,,,300.0,15,28.37,313.49,0,,Force Sensor 3,0,0,0.0,-27.44,-1.0,5.5,-1856.69,3.31,8.88,-0.01,-22.36,64.69,58.5,-42.0,-1.0,-0.01,-0.08,0.0,26,-218988544,-791.89,3841212,62.5,5622,False,False,False,H,H,0
19269,0.0,0.0,-0.01,0.0,-0.01,,,,300.0,15,27.99,306.07,0,,Force Sensor 3,0,0,0.13,-9.56,-1.0,5.5,-1856.69,3.31,10.42,0.03,-24.72,-33.69,70.06,-55.88,-1.0,-0.01,0.07,0.0,26,-216629248,-969.16,3841224,83.33333333333333,5638,False,False,False,H,H,0
19281,0.0,0.0,-0.01,0.0,-0.01,,,,300.0,15,28.36,308.27,0,,Force Sensor 3,0,0,0.37,25.94,-1.19,6.0,-1842.31,3.37,6.49,0.0,-25.72,-33.69,70.06,-55.88,-0.97,-0.01,0.22,0.0,26,-220495872,-1076.24,3841237,58.82352941176471,5650,False,False,False,H,H,0
19299,0.0,0.0,-0.01,0.0,-0.01,,,,300.0,15,28.36,308.48,0,,Force Sensor 3,0,0,0.56,43.5,-1.5,5.12,-1825.5,3.62,3.16,0.05,-27.8,-33.69,70.06,-55.88,-0.86,-0.01,0.51,0.01,26,-215023616,-1157.33,3841254,62.5,5668,False,False,False,H,H,0
19315,0.0,0.0,-0.01,0.0,-0.01,,,,300.0,15,28.23,303.46,0,,Force Sensor 3,0,0,1.44,67.81,-177.25,4.94,-1788.06,3.87,-10.71,0.0,-23.43,-69.5,67.56,37.75,-0.42,-0.0,0.91,0.01,26,-214204416,-1082.3,3841288,83.33333333333333,5684,False,False,False,H,H,0
19326,0.0,0.0,-0.01,0.0,-0.01,,,,300.0,15,28.48,313.39,0,,Force Sensor 3,0,0,1.94,50.25,-178.44,5.44,-1830.88,3.44,-9.62,-0.24,-21.91,-69.5,67.56,37.75,-0.28,-0.0,0.96,0.01,26,-223084544,-970.87,3841300,58.82352941176471,5695,False,False,False,H,H,0
19342,0.0,0.0,-0.01,0.0,-0.01,,,,300.0,15,27.97,313.28,0,,Force Sensor 3,0,0,359.56,32.31,-178.87,5.69,-1887.31,4.06,-8.52,0.0,-15.27,-69.5,67.56,37.75,-0.12,-0.0,0.99,0.01,26,-212205568,-806.24,3841312,66.66666666666667,5711,False,False,False,H,H,0
19359,0.0,0.0,-0.01,0.0,-0.01,,,,300.0,15,27.59,311.2,0,,Force Sensor 3,0,0,359.75,14.25,-179.06,5.69,-1887.31,4.06,-9.91,-0.22,-13.11,29.75,57.0,62.06,0.03,-0.0,1.0,0.01,26,-210206720,-620.02,3841325,71.42857142857143,5728,False,False,False,H,H,0
19372,0.0,0.0,-0.01,0.0,-0.01,,,,300.0,15,28.06,308.48,0,,Force Sensor 3,0,0,0.13,-22.12,-179.12,4.69,-1904.94,3.5,-3.88,-0.05,-12.07,29.75,57.0,62.06,0.19,0.0,0.98,0.01,26,-217120768,-475.88,3841336,58.82352941176471,5741,False,False,False,H,H,0
19388,0.0,0.0,-0.01,0.0,-0.01,,,,300.0,15,28.19,301.06,0,,Force Sensor 3,0,0,0.25,-40.25,-179.0,4.87,-1889.63,3.69,-2.05,-0.2,-8.2,29.75,57.0,62.06,0.49,0.0,0.87,0.01,26,-217055232,-385.34,3841347,66.66666666666667,5757,False,False,False,H,H,0
19404,0.0,0.0,-0.01,0.0,-0.01,,,,300.0,15,28.56,303.67,0,,Force Sensor 3,0,0,358.75,-58.38,-178.56,4.5,-1892.38,3.56,1.74,0.05,-8.11,29.75,57.0,62.06,0.62,0.01,0.79,0.0,26,-218202112,-323.01,3841359,83.33333333333333,5773,False,False,False,H,H,0
19417,0.0,0.0,-0.01,0.0,-0.01,,,,300.0,15,28.56,298.75,0,,Force Sensor 3,0,0,359.12,-76.37,-176.75,4.69,-1876.19,3.31,2.9,-0.17,-9.44,29.75,57.0,62.06,0.73,0.01,0.68,0.0,26,-216530944,-315.97,3841373,58.82352941176471,5786,False,False,False,H,H,0
19433,0.0,0.0,-0.01,0.0,-0.01,,,,300.0,15,28.68,298.35,0,,Force Sensor 3,0,0,359.44,-85.37,-0.75,5.19,-1874.31,3.12,9.18,0.03,-12.93,67.75,56.25,-39.0,0.83,0.01,0.56,0.0,26,-220889088,-390.0,3841384,58.82352941176471,5802,False,False,False,H,H,0
19450,0.0,0.0,-0.01,0.0,-0.01,,,,300.0,15,28.7,293.53,0,,Force Sensor 3,0,0,359.81,-49.5,-1.31,4.87,-1870.06,3.19,9.33,0.12,-15.77,67.75,56.25,-39.0,0.91,0.01,0.42,0.0,26,-217284608,-536.13,3841396,83.33333333333333,5819,False,False,False,H,H,0
19462,0.0,0.0,-0.01,0.0,-0.01,,,,300.0,15,28.94,291.22,0,,Force Sensor 3,0,0,0.0,-31.37,-1.06,5.62,-1893.13,2.81,8.94,-0.04,-19.44,67.75,56.25,-39.0,0.99,0.01,0.11,-0.0,26,-209879040,-708.4,3841407,55.55555555555557,5831,False,False,False,H,H,0
19478,0.0,0.0,-0.01,0.0,-0.01,,,,300.0,15,29.44,289.0,0,,Force Sensor 3,0,0,0.13,-12.88,-1.0,5.56,-1924.31,3.56,9.98,-0.12,-24.32,67.75,56.25,-39.0,1.0,0.01,-0.05,-0.0,26,-216203264,-895.84,3841420,66.66666666666667,5847,False,False,False,H,H,0
19494,0.0,0.0,-0.01,0.0,-0.01,,,,300.0,15,29.19,289.2,0,,Force Sensor 3,0,0,0.25,5.75,-1.0,5.69,-1946.13,3.12,9.13,-0.03,-27.08,-30.56,69.06,-58.88,0.98,0.01,-0.21,-0.0,26,-217579520,-1046.32,3841432,83.33333333333333,5863,False,False,False,H,H,0
19506,0.0,0.0,-0.01,0.0,-0.01,,,,300.0,15,29.18,298.95,0,,Force Sensor 3,0,0,0.37,24.31,-1.19,5.69,-1915.13,4.0,2.91,0.07,-30.14,-30.56,69.06,-58.88,0.93,0.01,-0.36,-0.0,26,-215613440,-1135.47,3841445,58.82352941176471,5875,False,False,False,H,H,0
19524,0.0,0.0,-0.01,0.0,-0.01,,,,300.0,15,28.58,311.09,0,,Force Sensor 3,0,0,0.69,60.75,-2.25,5.5,-1880.94,3.31,0.21,-0.22,-29.67,-30.56,69.06,-58.88,0.86,0.01,-0.51,-0.01,26,-212598784,-1164.93,3841460,62.5,5893,False,False,False,H,H,0
19537,0.0,0.0,-0.01,0.0,-0.01,,,,300.0,15,28.08,313.92,0,,Force Sensor 3,0,0,0.88,78.56,-5.62,5.56,-1857.25,3.62,-2.57,0.1,-27.59,-68.25,67.25,39.0,0.67,0.01,-0.75,-0.01,26,-212467712,-1101.64,3841471,90.9090909090909,5906,False,False,False,H,H,0
19551,0.0,0.0,-0.01,0.0,-0.01,,,,300.0,15,27.93,320.91,0,,Force Sensor 3,0,0,1.12,83.5,-178.87,5.5,-1847.38,3.81,-6.12,-0.2,-25.73,-68.25,67.25,39.0,0.54,0.01,-0.84,-0.01,26,-209125376,-1003.91,3841484,58.82352941176471,5920,False,False,False,H,H,0
19569,0.0,0.0,-0.01,0.0,-0.01,,,,300.0,15,27.57,318.62,0,,Force Sensor 3,0,0,358.62,-54.81,-178.69,4.19,-1750.13,3.31,1.96,-0.1,-6.67,36.0,56.69,59.38,-0.59,-0.0,-0.81,-0.0,26,-211714048,-311.38,3841561,62.5,5938,False,False,False,H,H,0
